username,location,user_id,name
Pamela_Jocelyn,"Cape May, NJ",513430095,pam
nofhananda,"Banyuwangi, Indonesia",987240267886428160,Firman Nofhananda
TRANSSPIDERM4N,minor ! he / it ,1245556181969465347,santa's cleigh
FinalBossFight1,"Flint, MI",1276248558757437455,FinalBossFight!
MamaJoLYMI,,2786688124,Dani Triss
liyahbiaa___,not in your city bitch ğŸ–•ğŸ½,1362539365600264193,liyah ğŸ‚ğŸ¤
Natboanyurrear,Vormir,1128807550508589058,Jota â§— ||ğŸ¯
sammy_antoine8,"Lake Worth, Florida ",1149800396996714496,SammyAntoine
Pam_Renea,The Nothing,28200272,Everybody wants 2 b my EnemyğŸ˜¤
aseperatecinema,"very baller, very anarchist",168851643,bae joon-ho
waifukitty666,Black Lives Matter,36489611,ğ•¶ğ–ğ–™ğ–™ğ– à¥
bellskkkk,cemitÃ©rio,1255004880487485440,ğ•´ğ–˜ğ–†ğ–‡ğ–Šğ–‘ğ–‘ğ–†ğŸŒ™
naluthomas,,1354265343909392386,naluthomas
MartineXIII,"District 5, North Carolina",274169919,MartineXIII: Fan of Warrior of Light and Iron Man
Esckrotor,,1460026981819551746,Ãˆldelbar the beers
LecelMakerman,PerÃº,314978130,Lecel Makerman
widxwsc,she/her,1372966049784664065,lurdes â§—
0102DY2,,1418145021006475270,Doyoung Gummy Smile ğŸ°ğŸ˜ğŸ’š
444Aka,ğŸ¶,1405499172019654661,Indigo-Love 444 aka Latoya ğŸŒ¹
Henry58979558,,1182312392107139073,John Henry Irons
letslovesuho,27 chicago â™‰ï¸ she/her ğŸ‡¨ğŸ‡´ exo,20335206,mayara ğŸ‘ğŸ–¤
GreenChevyC10,United States,3950739675,Easy Days
NATR0MANOVA,,1435145793627770880,natalia romanova lovebot
MJsGamingBlog,"New York, USA",1109963903419801601,ğ•„ğ•
dayontapout,"Benton, Louisiana",1468778604,Eric Evans
tiagosamps,"Rio de Janeiro, Brazil",1053967312250945536,tiago ğŸ¹ğŸ•·
93TILLInfinity_,"Houston, TX",1371216148080046088,Spider Mane
Saviereign,the land of six volcanoes,501639121,SAVIE.
SnkPikachu,con hee escuchando peaches,767551048231821312,dimension: Danii â˜…
CallOfDutyEvans,"Philadelphia, PA ğŸ‡ºğŸ‡¸",999766784147324930,CallOfDutyChris â€âŸ ğŸ’™ğŸ„ğŸ…ğŸ¼ â›„ï¸â„ï¸ğŸ¦„ğŸš€
YELEN4T,yelena reading guide âŸ,1384399290496430081,hourly yelenat
Solstice516_twt,Long Island,1401065804150476801,Solstice-516
psygrove,Subcon,1379896726132232193,Emere
cpjatl,,1352629016449179648,Chris Jones
ezzramli,Malaysia,261080103,Ezz Ramli
dmboggs74,"San Diego, CA",214297011,Boggsy OlllllllO ğŸ‡ºğŸ‡²ğŸ‡²ğŸ‡½
JakeReimert19,,1098050245278208002,Jake Reimert
Lilyspad58,"Illinois, USA",2542452222,Patrice Allison
juliusqueezer,Sacramento,62648019,KCP
tinashehive,,1112432688965648384,girl of the year
Riot9998645,,1265482460722323456,NotPrivateRedDl
behanthescene,Reality,2968486221,Behan the Scene
LineSarahi,ğ‘³ğ’ğ’–ğ’Šğ’”ğ‘».,1271094308393963521,sarahiâ€™
spookyfunfacts,calforna,1348392443809591296,Spookyfunfacts
Felipebann,"Bahia, Brasil",915551270,Felipe
Imnotablackfyr3,"Caracas, Venezuela",902247915648843777,Lord TargaryenğŸ”¥
ferrarimanf355,Three Seven Speedway,15845571,Alex
JayinCee05,,1145224995339231232,SCU Productions
VCisneros05,,3697845673,ğŸšVictorğŸŒµğŸŒ…
BSO,"Los Angeles, CA",18823758,Robert Littal BSO
NxxtLevel,,898141318173437953,Next Level
AlienRopeBurn,"Here, Anywhere",909544838261088256,ARBco | Mutants in the Now available... now!
mouvingcastle,âŠ¹ â‹†ï¾Ÿê’°à° â™¥ï¸ à»’ê’± â‹†ï¾ŸâŠ¹  ,1203731486,Keiko
DeadlyRedWidow,,1453522094801801219,Red Widow / Ryana Bian
ccmfortablynumb,SEA,67164577,thalÃ¯ssa//commissions open
CineFan2049,"Oswego, NY",3418841716,Noah Ramer
DesiFakesBusty,,1394889952299655169,ğ™³ğ™´ğš‚ğ™¸ ğ™µğ™°ğ™ºğ™´ğš‚ ..
APEntertainment,,833612154,AP Entertainment
GraveNova,,1379548587282038792,NovaGrave
Leo__Winchester,"Volta Redonda, Brasil",712952828,helena furtado furtou meu coraÃ§Ã£o
Danielsanity,Sesame Street,1914311136,DANIEL (ï½¡ÂºÌ©Ì©ÌâŒ“ÂºÌ©Ì©Ì€).ã‚œ
DrDevice81,"Kissimmee, FL",327322985,Nuktuk will be at CEO in 3 days
comlcbookfan,New York,344793253,Comic Book Fans
Dipn_kun,,1410901661095129089,ã ã„ã½ã‚“
drruig,CLOSED,2501118482,Rayne â™¡
symneverdie,BKK,1668612139,sÍyÍmÍğŸ’£â¸œ(* à¥‘ê’³ à¥‘* )â¸â‹†* Leave November tf alone
BRIANPFEIFFER19,worldwide ,1194572873098092544,BOMICHAEL'S FRIEND
talkabtshitt,she/her,1242785885688451075,tab
flowerscatalog,,3303724043,Flower Catalogue
JosephB21620635,,1460441802675269636,Joseph Briggs
DEATHLYVDOVA,ğˆğ’ ğˆğ“ ğ“¡ğğŒğ€ğğ“ğˆğ‚ ğ‡ğğ– ğ€ğ‹ğ‹ ğŒğ˜ ğ“”ğ‹ğ„ğ†ğˆğ„ğ’ ğ“”ğ”ğ‹ğğ†ğˆğ™ğ„ ğŒğ„?,1258681903986675712,BLACK WIDOW !
ICMoviies,"Impel Down Prison, Calm Belt",1018720503744299013,IC Movies
W001Wt,"Miami, FL",1458950872713605133,Tina W
wernerflavia,Brasil,121256944,FlÃ¡via
ralphcarhart,"Brooklyn, NY",1060942381028175873,Ralph Carhart
historyofthemcu,New Asgard,735810219725455360,Baron Agatha â€œHe Who Remainsâ€ Belova
whenin_westview,"Westview, NJ â•‘ 21 â•‘ she/her",1368724462615605249,â„ï¸Alaina â„ï¸
sk8_aidenn69,,1244654534485475328,aiden
iidatenshi,,1631847090,Salehâ™ ï¸
marvel_thai,,1402780647333064704,MarvelThaiFan
sunbabyyhs,â˜‰â™Šï¸  â˜½â™ï¸  â‡¡â™“ï¸ ,1346656126453088256,kay
eri51serrano,My mind,1014267100154777606,Eri SerranoğŸ§ 
cxlmmyfears,She/her,901561519472881665,Kylee ğŸ§£
johnpaulcusick,"Southend On Sea , Essex , UK",185420796,John P Cusick
pabloburgos,,44529901,Pablo Burgos.
alt_uscbp,,825169722538852352,AltUSCustoms
KaraTweets,"Boston, MA and Akron, Ohio",3081229451,Kara Hendrick
YELEN4T,yelena reading guide âŸ,1384399290496430081,hourly yelenat
historyofthemcu,New Asgard,735810219725455360,Baron Agatha â€œHe Who Remainsâ€ Belova
solflowerrs,icon source: sunnjays,913524890501758976,Lee #Ê™ÊŸá´ #á´€á´„á´€Ê™ â˜€ï¸âœ¨
natanon1122818,,1389167332321226754,â§—Natashanonâ§—ï¼ˆã‚ã®ã‚“ï¼‰
sinister_beard,,14490262,Oli Jeffery ğŸ’—ğŸ’œğŸ’™
saracrvlhs,Brasil,1288243347921010688,mundinho sara carvalho br
Vorbildlish,"Heidelberg, Deutschland",1426876457662304257,Ryder.
jorgemira__,"Dallas, TX",730133405283713024,Jorge
shaolinmaru,"Walla Walla, Cucamonga",17709470,shaolin maru
SirMagicPickle,"Atlanta, GA",23367428,Magic Pickle (Mike)
ManOfCrocs,,1314645940758872068,Crocs
Nacht_Silver,"Berlin, Deutschland",4738070603,âšœNachtâ€¢Silverâšœ
78sweetcreature,Sunflower vol.6,1441244842424619014,SHAY
ShishkabobH,"Ballarat, Victoria",1124839332932489216,Bread Boy
lalo_landa6968,,987578944525406208,Cirax21mf
ElMyking,,1372450602760949761,Myking El
blueedaydream,In class with Izawa,1249180016581193728,âœ§ Nora ; triste / medio inactiva
imjuliyear,"Ponta Grossa, Brasil",1085304508471754753,JUJUBA ğŸ¬
King_Mook90,In my skin. ,35058155,Frank White.
lost_movies,,1251905584779218946,Lost in Movies
ThePageMarketer,Florida,877207451489251329,The Page Marketer
Christo93685500,"Baltimore, MD",811866120332386304,Christopher Murray
lowprofilx,onde tua mÃ£e perdeu as calÃ§as,774396223193247744,o homem do meio bigode ğŸ‡§ğŸ‡·ğŸ¥ˆğŸ›¹
alexintexass,"Dallas, Tx",1461023077,Alex.
MsAddxms,EspaÃ±a || #Roleplayer,160176531,ğ•½ğ–”ğ–—ğ–†ğ–‰ğ–‰ğ–†ğ–’ğ–˜ ğŸ¦‡
LuciDracul,,180501467,Luci Dracul
Cunninghxm,He/Him ,1014089634794655744,Jayden
clintashabot,"Budapest, HungrÃ­a",1390677210508390408,clintasha quote bot
dialuptoner,very tired,393996705,KAIEOTIX
OctoY1,,1123739818335272961,Amazing Octo ğŸ‘¹(Thurian Era)
back_the_BBC,,3379848088,Back the BBC ğŸ“ºğŸ“»ğŸ“¡ğŸ“±
BonesTFD,"Connecticut, USA",1404248122000293893,Bones
Dreamy_Supremey,,884937152508837888,Dreamy
JayThom97746364,Anywhere & Everywhere,1295921756570554368,I'm Your Imaginary Friend
retrovxbez,"Chicago, IL",2333512328,Cunnilingus Connoisseur
PaulJames198,,789334376,paul
yuuuuuuuuuuus_,Eladiopadrion,1429574164709613576,Yous
NATR0MANOVA,,1435145793627770880,natalia romanova lovebot
obsessed_nat,18+ â€¢ anti â€¢ mcu,910966451422601218,Nat
goldengilmore_,19 | s!her,824032457183940614,mica;
pandapanther21,,1428390360493875200,Panda
battybatzz,"no coast, usa",916476001684721671,ğŸ¦‡
screenrant,All over,14892220,Screen Rant
YELEN4T,yelena reading guide âŸ,1384399290496430081,hourly yelenat
OthmanLayachi3,,1449727471218216963,Othman Layachi
MishaFitton,"New York City / Naples, FL",1314107376,Misha Fitton ğŸŠğŸ‡ºğŸ‡¸ğŸ‡®ğŸ‡±ğŸš€ğŸ³ï¸â€ğŸŒˆğŸ‡¨ğŸ‡º
JakeJigsaw2,,1376361808169144324,CloverYT is a massive Zelda Fan!
PowerDubs,,3267389857,Josh
kaylaflame,"Louisiana, USA",1450416223,kayla
Letsgoemperor,,1189199821019795457,Donnel Eâ€¢Câ€¢S
historyofthemcu,New Asgard,735810219725455360,Baron Agatha â€œHe Who Remainsâ€ Belova
lowkey_jeremy_,"Maryland, USA",922883127189606400,LivingMonkeysPawğŸ–¤
rhapsodyloki,Australia,997395925915000833,Amy
patrick2bateman,,248784182,Ando webbo
RDFilms5,,1008148793412456449,RD Films
MercenaryOfMako,Midgar/Smash Manor,704393131878457345,Cloud Strife
EPICyoutuberr,gotham city,2755754162,entertainment sausag
Legacy2412,,1270751472289021955,LegacyEdits
MCU_Fanatics,United States,1948377799,MCU Fanatics
historyofthemcu,New Asgard,735810219725455360,Baron Agatha â€œHe Who Remainsâ€ Belova
nlbmprez,"Kansas City, Missouri",338057229,Bob Kendrick
elevtria,i will always be hereâ—¡Ìˆ,1215246028326092800,ğ‘’ğ‘™ğ‘–â˜ï¸
SouthieFromSTW1,,1265938907725811712,ğ—™ğ—¼ğ˜€ğ˜€ğ—¶ğ—¹ğ—¦ğ—¼ğ˜‚ğ˜ğ—µğ—¶ğ—²î¨€
yoobinism,omg+g7,1370527061119533056,nabs?!
HenryImbriaco,ONT51,59687890,Henry Imbriaco - (Ontarian born & raised); 2x's AZ
ChrisLRey,Capsule Corp. ,581381519,ğŸ‘‘SmokeScreenKing ğŸ‘‘
sapphicsword,20â€”(L)GBTâ€”ENG/ESP/CATâ€”they/she,1038456303717416961,carla (taylor's version)
HowardTHFC,London,25110472,Aitch
collectsideshow,"Thousand Oaks, CA",15430647,SideshowCollectibles
therealshantel_,"Irvine, CA",734827409971646464,Shantel RomeroğŸğŸŒ»
paulinamfdz,,842176585,á´˜á´€á´œá´á´ Ã—ÍœÃ—
jimmies_porn,Australia,1324567094948605952,Jimmie
literalhobbitt,he/she/they | bi,1103686084649721856,áŠï½¥êˆŠï½¥âœ¿áŠ ANIME FRONTIER 2021
nahuelceles,El RÃ­o de la Plata,717492876796628997,"ğŸ‡ºğŸ‡¾ Autism Power, bo ğŸ‘¾"
__fkjane,ğ“‚ƒ  ğ—¶ğ—¹ğ˜†  â™¡ ØŒ ğŸ­ğŸ­:ğŸ­ğŸ­ ã‚›05,1459241637981343751,á… á… ï¹… ğ¼ğ“ˆğ’¶ï¼Šğ•“ğ•–ğ•ğ•ğ•– ï¸ï¸ ï¸ ï¸â™¡ ï¸ ï¸ ï¸dÎ±mon ï¸ * /á… Â¡!
AlwaysMusic5,Everywhere,193377689,â˜…â™ª SBlack â™ªâ˜…
KenFromChicago,,254937774,Ken from Chicago
SMMarveI,,1185241151814688769,MarveI Studios | Parody
ashleabot,tw// death sex violence,1357985231903494147,ashlea bot
faygolmao,Portugal,1233721338453483520,Faygo ğŸ‡¹ğŸ‡·
Dipn_kun,,1410901661095129089,ã ã„ã½ã‚“
ifthiddles,â€ela/dela,1332891973649358849,Ø˜
KlLLINGH,she/her | 20 | ğŸ‡¦ğŸ‡±,4821633317,deaâ· kth1 track 8
RespectedDream,DALLAS,937754944911872001,DĞ°Ğ¿Ğ¿Ñƒ Ğ’Ğ¾i
sou_acida_rs,she/her,1705553772,Catarina
1EMcGon1,"Savannah, GA USA",4894818371,Ed 'The Science' McGonigal
amjo928,,1445109690,Amanda Halstead
boubearry,under the bridge l she they á—¢,1414678409691734022,j
PeterSkywalker3,"New York, USA",1159259478858096645,ninjaturtlepeter
kobie_cochrannn,"East Canton, OH",2622118593,Kobie Cochran
hamilkina,she/her ãƒŸâ˜†,2919990309,carmenğŸ§£
theonlywayisup,North Wales,71116364,"Her Holiness Pope Mrs Trellis, the 1st"
NATR0MANOVA,,1435145793627770880,natalia romanova lovebot
LehaneLe,world,2751157089,Kristian Jon Lehane.
kylerulez,,723943956,Kyle Walter
justinontwt,,1290000359944007688,justin
Wolfgang_Senpai,,1403841862947856390,ææ€–ã¨å«Œæ‚ª
2NotSoBot,"he/him 18, Mejor Pueblo de PR",1357730700837982212,â„ï¸ğŸ„JuanğŸ¦†â„ï¸
figures_toys,,1433169637177430020,Action Figures Toys
swftjack,San Francisco,2432635352,Myatt but blonde ğŸ³ï¸â€ğŸŒˆ
Lokkocs,,197928555,Â¬Â¬
TheHey,,14163056,TheHey
YELEN4T,yelena reading guide âŸ,1384399290496430081,hourly yelenat
jackinfinity203,Earth,4899723395,Jack
UntamedVoice32,"Maryland, USA",891755607631552512,Joshua KobeTHEGOAT Bandicoot
NewsomHCP,"Loudoun County, VA",1158025866703589376,Mark Newsom
davidhughes,,1010099918822920193,David Hughes
MrWrong4Always,"Vista, CA",1394878968042459136,Robert MartinezğŸ’¬
Mclhondamp4421,cheshire,478033481,r.o.k 421 âš¡ğŸ ğŸ´ ğŸš— ğŸ
lanternatreides,,1140973291831791617,caio
aziah34,"Houston, TX ",972324438065778688,konfusion price
MarcusDose,He/Him Demisexual,947937286905368577,Dose Comms Open!
AwkwardPancake,Minnesota,34970591,Elizabeth ğŸ§£
tertleproof,Planet Comtron,1380272461896368131,Tertleproof
crey_gg,MexicanğŸ‡²ğŸ‡½,1262910462506795014,CreyHWKYğŸ¹
camararon,Mandaluyong City,141774787,Mr. Camara
spaceaur0ras,Westview,1274274034826518528,plasticreputationâŸâ§—á—¢ RED ERAğŸ§£ğŸ‚
golddvstwoman,"she/her, 23, ğŸ³ï¸â€ğŸŒˆ, fan acc",701603595389685762,erica â§—
444Aka,ğŸ¶,1405499172019654661,Indigo-Love 444 aka Latoya ğŸŒ¹
ayziab,,53848561,Europe
popsikyleszx,Somewhere in SEA,976384505219985408,simontrash
PublicS07354017,,1426523757556940800,Public Service
Stoertebeker68,"Dortmund, Deutschland, #BVB",2984862763,Ackermann âš’ï¸ğŸ“šğŸŒ¹
RandomFandomBot,,1024482306218762240,"Congrats, you are now a fan of:"
MacaMaida93,"Buenos Aires, Argentina",234596645,Maca Danvers
bxnxnxfxnty,up on melancholy hill,302037814,Âª
CrazyPr0fessor,"Afamase Akotom, Ghana",759195289,CrazyProfessor ğŸ‡¬ğŸ‡­
ororoslightning,she/her ~ â€œflame on!â€ ~ arab,944269066734309376,âƒ Ù„Ø§ÙŠØ§Ù†
Letsgoemperor,,1189199821019795457,Donnel Eâ€¢Câ€¢S
FeedeLinares10,"Carmen de Patagones, Argentina",716386068053016576,ã‚¤ã‚¹ãƒã‚¨ãƒ« (11-11)
scarfloslove,20,1446487209822019587,anaâ¤ï¸â€ğŸ”¥ (nat)
lizziecuties,,1383663027979882497,ash â™¡ï¸
D3VILCINEMA,,1424415571970506761,M - â€œDaredevil = Cinemaâ€
falkasfury,she/her â€¢ 23 â€¢ bi â€¢ 18+ â€¢books,1044612302207700999,yennefer of vengerberg enthusiast #thewitcher
OwenStutzman42,,1462789016068280332,Owen Stutzman
NicRajThaBarb,Waitin on that 5th Thing Thing,1408934232362262529,ThaBarb
kep1ercloud," ( ğŸ’¿ ) flicker, playing... ",1290318312455507972,Ù‹ connect : lina | IVE IS COMING
BreHaruno,T.A.R.D.I.S.,907685916,Pfizer!Æ’irebird
jimmyja94983382,,1408153285987536902,jimmy jams
anderea901,,969309083386957824,Andrea
scarjorose,argentina,1126181621906968576,naza lvs jose â´µ
sweet_uphoria,,825739304261525505,Nelâ·
doctordoom82,,747484428381782016,á—ªOá™…TOá–‡ á—ªOOá™
HowardTHFC,London,25110472,Aitch
flosclairo,she/her | bi | ,1311686947862126592,melly! ALBEDO HAVER
snevesss,,1404243102731276290,ğ“ˆ.
louwinnn,ì¬ë¯¼ ì‚¬ë‘í•´ ,1248077358134935552,Emi; lvs laru â™¡
italian_andrew,,1441077993208680449,Andrew Joseph ItalianğŸ”NSFW
bellaxlsx,s!her bzz,1401746322944892934,isa lvs thais | ADORE YOU 1B | me cambie de ly!
Californ1a4Life,Your house,1452777496043155456,ğŸ‚//~ ğ“ğ“«ğ“¼ğ“²ğ“­ğ“²ğ“ªğ“·~//ğŸ‚
bbjayluh,,1378468812052443139,jay
AspiringGayIcon,Under the christmas tree,1352746693679140865,â„ï¸Snowy Parvanaeâ„ï¸
THEHELLGODS,,1362149458729869313,Its hell out here
TAnthonyPotter,United States,1403139506816094211,Your Doc
TheWhiplashFX,"Pennsylvania, USA",885031583161438208,Avid Jon Wattâ€™s Enjoyer
italian_andrew,,1441077993208680449,Andrew Joseph ItalianğŸ”NSFW
ShakurBlack2,"Outer space, Mars ",1125403705715699715,SHAKUR is taking a breather
natsmygf,she her     cbyf!!,1421445042858758146,may â€| eternals era
IWASTHELYGHT,,1390570403295375363,Christan
teshome_vaughn,,1304632074490597379,Teshome Vaughn
lampiase,,1313541867426975745,Skye Lampiase
mnyemye,think before act,1188322161548615680,soraã‚
alexsicilia091,,810226695496232960,Alexis Sicilia
NATR0MANOVA,,1435145793627770880,natalia romanova lovebot
thorsragnar0k,she/her. 21,1393650817111101442,parker
Nieryka,SÃ£o Paulo,83842654,Tatiana Breves
NikoDaPortagee,"San Jose, CA",983099272101941248,Nick ğŸ‡ºğŸ‡¸ğŸ‡µğŸ‡¹ğŸ˜·
MrRando12345,,1464160032220762115,Mr. Random
FutureWorldCen,UK,2198146752,FutureWorldCen
AstroTalk5,,1438329286478422024,Astro Talk
spxdxrz,20 | he/him,1339168770602934274,marco
advancedbrian,"Chicago, IL",517084951,BRIAN CHIEF
YELEN4T,yelena reading guide âŸ,1384399290496430081,hourly yelenat
GinaSarracino,California,551512293,Gina Sarracino
_Emricka,,1278537354,Emricka
GEMINIPUNK,NOT A STAN ACC,1329849092978118657,dara
donttroyeme,peanut butter sandwich planet,723627242,havana banana
RetroGifMonster,Canada,4466312653,RÉ›È¶Ê€Ö…ğŸ‘¹GÉ¨Ê„MÖ…Õ¼Ö†È¶É›Ê€
sciurusparvus,Over there.,2160543740,Squirrel Agent of G.I.R.L.
Cathal_Sheerin,Ireland,896990052,Cathal Sheerin
REALAnthonyLisi,,4158080907,Anthony Lisi
azetsz_,ğŸ‡µğŸ‡¾ğŸ‡µğŸ‡¾ğŸ‡µğŸ‡¾,3365094581,KimeeğŸ’«
Yamamamba,"Flyover, US",1181987225644535813,Yamamba
nanie_mndlr,,716253037057019908,glitter whore
simsimmaaz,TORONTO,1266494077878431744,Make Oxtail Cheap Again
ocexntylxra,grocery store,1186522317058428928,anna
krewl12,,921371231147790337,Krewl12
adorejub,"brussels, belgium (ğŸ‡¨ğŸ‡©ğŸ‡¦ğŸ‡´) ",912690191894269952,material girl ğŸ’¸
UnicornMusing,"Georgia, USA",1271504625447981056,UnicornBelle
puny2008,they/them,1170507082660843522,PUNY!
master_of_chi,,1402408339410243588,Po
golddvstwoman,"she/her, 23, ğŸ³ï¸â€ğŸŒˆ, fan acc",701603595389685762,erica â§—
beckytregear,"Melbourne, Australia",1345676816,Rebecca Tregear
WICKEDtubbs,Boobs ,1443604268532043783,Ù‹
Tabletop_Deals,,2424369103,TabletopGamingDeals
Larkistin89,Twilight Zone Germany,3166472169,ğŸ„ğŸ Xmas Steffi â¤ï¸ğŸ––ğŸ»á°
quinzel_ms,"She / her, ceo of Chris Wood",1235684517840633856,MsQuinzel_ ï¸½âœµï¸½
BruceWilliams__,Jamaica,109425703,Baskerville
wholesomeszn,"Orlando, FL",2351399967,Manny Atreides
newballnotifier,,1401805861316562946,æœ€æ–°ãƒœãƒ¼ãƒ«é€Ÿå ±ï¼
6TallMidgets,,1641979711,JDavies
MaD_MrL,"Camp Edward, Nevada",1042946548102037504,ğŸ„Mike LopezğŸ„
TheNthDoctor,The Void,1279892162952527874,Shona
ThisDayInMETAL,"Toronto, Ontario",743472216,ğŸ¤˜ğŸ»This Day in MetalğŸ¤˜ğŸ»
trekcatcatcat,"South East, England",1027610936985747456,Dadmiral (ğŸŸ¡ğŸŸ¡ğŸŸ¡ğŸŸ¡ğŸŸ¡) ğŸ”œ Star Trek The Cruise
rxmiswift,"Gerona, CataluÃ±a",4090595793,ğ«ğšğ¦ğ¢
raptiye_rap,,1246733078422327296,raptiye rap rap
INeedaDR,"Michigan, USA",255030384,Steve Heinrich
Hour_Detroit,Detroit Metropolitan Area,15063139,Hour Detroit Magazine
Karlwrites,"Champaign, IL",21849379,Karl Shook
jasugi,"Oklahoma, USA",706526316904861696,HopesAndDreamsStudio
wxbdesigner,queens!!,1358167010287489025,spider-man!
Hestisdabest,"Made In Dade(Jacksonville,FL)",37076167,Rob Hestar(â˜…â™‹) Playing:Super Mario 3d World
UpwardBoss,"Ontario, Canada ğŸ‡¨ğŸ‡¦",849607888029065218,UpwardBoss
TheBWC4Life,The World,1194416548569595909,Black Widow Conspiracy
JavierMunoz21,"Downey, CA",364437541,Javier Munoz ğŸ‡µğŸ‡ª ğŸ® PokÃ©mon Brilliant Diamond
TSFbot,ãƒœãƒ¼ãƒ‹ãƒ³ã‚°æœ¬ç¤¾,1062951679,æˆ¦è¡“æ©Ÿç´¹ä»‹bot
alexsicilia091,,810226695496232960,Alexis Sicilia
TheBWC4Life,The World,1194416548569595909,Black Widow Conspiracy
travis112096,CanadÃ¡,3107906486,travis fazekas
DoubleJPlays,Australia,114626672,Double J Plays
park_yeoI,DA-8115-1001-1442,1286104624601206784,kwangyasss
Karlwrites,"Champaign, IL",21849379,Karl Shook
oh_kaaayc,BLACK LIVES MATTERğŸ–¤,726958790776475649,GOLDEN BOOT âœ¨ğŸ‘¢
MegamanRA,"Bronx, NY USA",1058180145763237889,MegamanNG
j_geaney,"London, England",24753258,Jo Geaney
nytamore,she/her â€¢ 21,1424891772925366272,ğŸğŸ©¹
barchiewin,She/her | 19 ,2340087561,Sara â™¡
loftmusicxx,,1465455996764053506,pauline
diariouno,Mendoza,38456951,Diario UNO Mendoza
noreelshani1995,Deutschland,1393586409710276609,noreğŸ’œ
DefendingMovie,"Chicago, IL",1395052803161264131,Defending Your Movie Podcast
TeamSpo58025145,,1385750947008155648,Team Sports
pachxcami,Argentina,1362091281439203328,CÉ‘mi
AlyTheMouse,She/her | #TechnosupportğŸ—,1109488134885122048,Alyssa
NoahIsAHuman,"Norwich, England",117047042,Noah âŠ
saintwalker98,beyond time and space,52319005,Spooky Mama Darci
NATR0MANOVA,,1435145793627770880,natalia romanova lovebot
AlixDutailly, Nord-Pas-de-Calais,1237725392905134081,ğŸ”¥ADMğŸ”¥
KariukiMachine,Somewhere between who got me and I got it.,57262846,[indistinct chatter]
chesh1352,borealis,1448290528077000712,chesh
SoupSandwich19,,1434563658449702913,Soup_Sandwich
__theresidence,he/him - gay - black - 18,1462608833524772870,Miserable Anti KG.
JustAGeekMan,He/Him,1260619233853128704,Enes
Gabs492,"Houston, TX",166036590,Gabriel S.
vicxco,Paris,2925758776,â€Ù‹ Ozymandias
TrueblueRich,London,179503862,Rich
Sympai,somewhere in the US,226732387,Symmion Moore
dermott_ferry,,16561723,Dermott Ferry
CyrenneDon,"Vancouver Island, Canada",1369744947406987265,VeteransRadio.ca Rock Station
DocteurNinja,Hassy s/ Machese,48294186,Nicholas
camiknight75,Egypt,1152343426450542592,knight of the camğŸ¤ğŸŒ™
yodontbanmepls,,996302577586274305,Former Meat Chopper
moonspectacular,,4795090596,jess
anysmadison,,1339594483285938179,mari
DeadlyRedWidow,,1453522094801801219,Red Widow / Ryana Bian
agntromanff,sheÂ¡her - minor ,1277560795723894784,mariaâ€ â§—
Mpololkm,The moon ,950142683376422913,Dwayne Johnsonâ€™s 10043657875th wife
sxmantha16,,2418284484,ğŸ’«sam ğŸ’«
MrDariusCarter,"Residing in New Canaan, CT",50956930,Darius Carter (C)
_IvoryRaven,,1426976471973781506,Ivory Corvus
WilliamWmaitla,,4848253680,Will
deepsk252035,ëŒ€í•œë¯¼êµ­ ì„œìš¸,724548222576787456,Acoustic Kim
FictionRumble,Batavia NY ,1293190340544012289,FictionRumble
heartmeetliam_,Ù¾ÙˆØ´Ù‡ ÙÛŒÙ„Ù… Ù‡Ø§Ù… (:,1437749877652533252,Rooyeshâ´ à³„à¾€à¿
harrythewilson,"Glasgow, Scotland",1642769072,Queen Harry
geek_matters,Land,1266014768944447489,Geek in a Box
kbaoieo,,1396064375136395264,kbaoieo
missrebelleious,Kentucky,312077575,Im Just Getting Started Darling...
buckycap,21 â€¢ (s)he/they â€¢ BLM.,850495044,dei
AuntyCaitlin,New Zealand,1381522192911925252,Caitlin
RealRebelRadio,France,395256263,Real Rebel Radio
lilchan924,,231550278,Da Kaeper Nick
scarlettjo4ever,,1420294686066028545,Natasha â§—
LeonSandovalll,"Sonora, MÃ©xico",910712861726355456,Leonardo del Capricho
bigdeckbandit,"Phoenix, AZ",1347722365967290368,Bull Hwang
PowerDubs,,3267389857,Josh
diorkeating,she/her|black|bi|,1299448540477841409,dğŸ¥³
BlackwidowBot,,1335861703859269633,ã¸ã‡ã€œã€‚ã¾ã‚ã€å½“åˆ†ã¯Razer BlackWidowã®ã‚ªãƒ¬ãƒ³ã‚¸è»¸ã—ã‹ä½¿ã‚ãªã„ã¨æ€ã„ã¾ã™w bot
oran45990063,,1188467683035095046,oran
moon16lei,Hong Kong,1445649888864206849,gnocchi
lewispider,chelsea â€¢ rmcf â™¡,1448683809399087106,juli Ë¢á¶œá¶œáµ– ğŸâˆ
JoyceAsakuraS2,"Fortaleza, Brasil",1121960894240579586,Mischievous Joy Û ğŸ’šğŸ—¡ï¸ GAVIGOD ERA ğŸ’œğŸ¹
KibeMansion,ã‚­ãƒ™ãƒãƒ³ã‚·ãƒ§ãƒ³,1391303959311044608,ã‚­ãƒ™ãƒãƒ³ã‚·ãƒ§ãƒ³@è‡ªåˆ†ã®èƒŒå¾ŒéœŠæ²¢å±±ï½œãƒ–ãƒ­ã‚°æ›¸ã„ã¦ã‚‹ã²ã¨ã€‚
steveIore,they 15 black,1143566816440008710,teddy
TheVOMonkey,,1121040406316232704,Miguel Perez
KRADeC,New York City,120205660,Keith R.A. DeCandido
jeshua_7,london,192960514,Marco
hypnotiquelo,,1395818796846362626,ï¾Ÿ
rosescoloredboy,she/her,313484886,rochelle
queeraye,Scotland,1404906290904768513,Jeremy (Book of) Commonprayerbyn
Creepy_Victor,,1887918475,Nicholas Muzio
historyofthemcu,New Asgard,735810219725455360,Baron Agatha â€œHe Who Remainsâ€ Belova
IWASTHELYGHT,,1390570403295375363,Christan
taeoct6,Philly,1338967266923261952,tae6ğŸ‡ºğŸ‡¸
Widow_Black_,,1329499796399403009,Mistress BlackWidow
4mitybIight,toontown! + anitwt,1362826327879999490,turkey
rubinav0712,India,1337660782784307202,TEAM RUBINAV
JamalBanyon,"Dallas, TX",742881387439480833,Dreads McGee
IKissL_Lawliet,"No tws ,, fatphobes pls DNI ",1369532896680230914,gaz à·†
Iontheinside1,,1408916284557852674,I on the inside
Still_in_2012,,4824185051,Triplesetentasapohijueputa
LAURASFINELINES,halo's angels*maifi,887531022744727552,Laura â­ğŸ¦Š
GinevraFangirl,an au where my moots are irls,771714089991213056,á´®á´±karunaâ·
Thee_Other_Matt,,1052527345,Matt Smith
Bleachrmobradio,Marvel and DC Universe ,223657367,BLEACHERMOB (BLEACHER) We won 6Ã—ğŸ†
dr_victor_95,"Villa Clara, Cuba ğŸ‡¨ğŸ‡º",1312217261126619136,dr_victor_95ğŸ¦·
jeshua_7,london,192960514,Marco
back2blocbuster,,1448006206438604801,Back To The Blockbuster
butterflyliies_,she/her,1344712993897148416,konnie â™¡s your mom || ğŸ¦‹
G_Reelz,Redondo Beach,239071383,Gaius Bolling
ThomasGaspard14,United States,1393573490775764996,Thomas Gaspard
czanipingwinek,she/her,1252553708308701185,karo â—¡Ìˆ âœ¨
RangerRocker,Esto no les interesa,1020039812622036992,Rocket Raccoon
MarioEs26678812,,1268051796469088256,MarioEspinosa
RyanBLegacy,,3362422278,Ryan
heartmeetliam_,Ù¾ÙˆØ´Ù‡ ÙÛŒÙ„Ù… Ù‡Ø§Ù… (:,1437749877652533252,Rooyeshâ´ à³„à¾€à¿
QgTokyorevenger,,1376164855032467460,TheDarkAvenger
vampricyoda,,772108376,End ICE
clifford6111,,782268465520513024,Clifford Simak
AOPMata,,1121324326311960577,Daniel
BlogSuperheroe,Sevilla,1463390129448308737,Blog de Superheroes #Hawkeye #SpiderManNoWayHome
QuidVacuo_,"Barcelona, EspaÃ±a",1372651623831457793,ğ‹€ QuidVacuo ğ‹€ #SpidermanNoWayHome #Hawkeye
NATR0MANOVA,,1435145793627770880,natalia romanova lovebot
Blackmoor_Film,Castle Blackmoor,981581289097641984,Secrets of Blackmoor
_itsneshanicole,"Atlanta, GA",225969282,NeshğŸ¦‹
BLUEN4TIC,ğ–±ğ–®ğ–¢ğ–ªğ–²ğ–³ğ– ğ–± ğŸ¸â› ãƒšãƒˆãƒ­ãƒ• Í Í Í Íá…Ÿá…Ÿá…Ÿá…Ÿá…Ÿá…Ÿá…Ÿá…Ÿá…Ÿ Í Íğ˜®ğ—¼Ìˆğ—±ğ—²ğ—¹ â…‹Ì² ğ˜¥ğ–ºğ—‡ğ–¼ğ–¾ğ–— ğ–¡ƒ ğ–½ğ–¾ğ—Ä±ğ—…Ä±ğ—Œğ— Í Íá…Ÿá…Ÿá…Ÿá…Ÿá…Ÿá…Ÿ Í Íâª.ğ˜´ğ˜©ğ˜¢ğ˜±ğ–¾Ì„ğ˜€ğ—µğ—¶ğ–¿ğ—ğ–¾ğ—‹ â”  ğŸğŸ—ğŸ—ğŸ”â„”.,1376755440617414658,Í Í Í Í Íğ€ğ—¹ğ—²ğ˜…ğ—® ğ–½ğ—ˆ ğ—‹ğ—ˆğ–¼ğ—„!Â¡ ğŸ¸
waynekenobi,"Rio de Janeiro, Brasil",3319949787,dreza
CharlieSeweryn,,1123275085366923264,Charlie Seweryn
GagaRoyalty,Worldwide,194396896,Royalty
AmerElephant,The US of Mother Fucking A,1357730003320979456,â„ï¸AmericanElephantâ„ï¸
mew_victini,attend la suite de Titans et H,1160536555251011586,Blue hood/BloodğŸ–¤ğŸ‘½ğŸ¤ğŸ’œCurranWaltersâ¤ï¸ Curran's AR
tetesveins,she/her/19/ğŸ‡ªğŸ‡¬,1391096414139260929,farhaâ· | BTS AOTY ğŸŒ¸
YELEN4T,yelena reading guide âŸ,1384399290496430081,hourly yelenat
NizarVeintiuno,"Paris, France",1573473920,Kurozu Nijuichi
cloudgirIs,Êšâ™¡É any pronouns,1296522096495992833,santa clau
PunkyIggy,"Derry, Maine",984160045742088198,MattğŸ•´Shop Hiatus
t_twix,ÙÙŠ Ø±Ø¨ÙˆØ¹ Ø³ÙˆØ¯Ø§Ù†Ø§ ,1186615007280275456,Ø§Ù„Ù€Ù…Ù€Ø¬Ù€Ø¯ Ù„Ù„Ù€Ø´Ù€Ù‡Ù€Ø¯Ø§Ø¡ âœŒï¸
ivan_alexis__,,1156614351450705925,IVAN ALEXIS
heyyitsdom,"Houston, TX",277826936,dom ğŸ‘©ğŸ¾â€ğŸ’»
vivianethewitch,"Commerce City, CO",844324316875554816,Barbara Skadberg Cha
_drewshots,Social Vegan - I don't do meet,337897954,Intelligent Zombie
mattspace31,,1046403765564313601,Matt Antonio-Amoureux du Spatial ğŸš€ğŸ›°ï¸
tinasbookpromos,,2892463432,Tina's Book Promos
masterofoneinc1,,999699893865213954,Masterofoneinchpunch
filledelalune12,Pride â€¢ Ambition â€¢ Cunning,709151727312883717,NÃ½x
artofromanoff,spain,2718656638,xandra
cinemaniaco_fb,"Roma, Lazio",950122484443045888,Cinemaniaco
http_emxly,Anything but Tattoine ,3403667483,ğ–¤amralimeğ–¤
shanshu73,,1330927782428229633,MovieFan73
BrieNN365,,1327432983465353216,BrieNN
ScienceBotikus,,1452689952018509828,Science Botikus
ComicCrines,,1462433871253975040,E Cr
iamericdizzy,"Indianapolis, IN",1289296442872549377,Eric Dizzy
LostTeeshirt,"London, England",1311235103184519169,Tâ· she/her
ThaRealSamO,"McDonough, GA",45266162,Sam O (he/him) #GetVaxxed
NerdySpencey,20 yr old Autistic Nerd ,1021486753406955520,NerdySpencey | Avengers Spider-Man Hype Era
ybessolo,,972650107,AngeL ğŸ‡¦ğŸ‡·
Marc3llo5,,1219273670566334465,Marc3lloâ˜˜
TheCineMike,,1348567134314524675,Michael B
AshRuckerVO,she / they,2867520779,Ash-SLEIGH ğŸ³ï¸â€âš§ï¸ğŸ„
KRADeC,New York City,120205660,Keith R.A. DeCandido
EARTH_1610_616,"Brooklyn, NY",1262108378693865473,Regular Miles Morales Content
mary_Lbs,Rome -Italy,2322833599,Maria Grazia - Loony
hedasapphic,she/her ; check carrd,1185034805366460416,JJ |
sofire11_,ğŸ³ï¸â€ğŸŒˆ,804050194971115520,ğš‚ğ™¾ğ™µğ™¸ğšğ™´ğŸ’šğŸ”¥
AGramuglia,"New Jersey, USA",619959481,Ant ğŸ’€ Halloween Never Ends ğŸƒ
voguemagazine,"New York, NY",136361303,Vogue Magazine
RJRobotham,,97702007,Ryan Robotham (Fully Vaccinated)
ScienceBotikus,,1452689952018509828,Science Botikus
DandelionRootT,,790211328,Liz Bajjalieh
itsirfansyed,"Peshawar, Pakistan",3238914241,Irfan Syed
justinrd,"Los Angeles, CA",22163327,Justin+
AdrianThatch,,1309620240452640769,AdrianThatch
_luccc,,2784034791,dycaprio
Thahn531,,2617769420,Thomas Hahn
Chaosruler21,"Maine, USA",262905113,Chaosruler | Boss | Adam ğŸ’š
comfyhearts,CÎ±Î·Î±âˆ‚Î±,154698122,ğŸ§šğŸ¾
octavezXD,he/they/she,1255716848223621121,octavez
ichmagdasnicht,"Wiesbaden, Alemania",2535411248,Marvin
Kylefitz2006,,1254513042626424832,Kyle
blk_widowvibez,,1451980169279901698,The Widow's Web
Sena53571607,,1204086758708776962,Sena
Huesoproduccion,EspaÃ±a ,1435297098,Hueso Producciones
OscarLMedia,ValÃ¨ncia ,1388925406884110336,Ã“scar ğŸ‘¨ğŸ»â€ğŸ’»
lan4zhui,she/they | 21 | read carrd byf,1279748213361311744,chiara â€¢ à¸‚à¸¸à¸™à¸à¸¥ | c1-ed albedo
UnCut_Kelo,,396014271,Master Sensei
jacehtmi,argentina // 20,759805851909578752,luciana
quinzel_ms,"She / her, ceo of Chris Wood",1235684517840633856,MsQuinzel_ ï¸½âœµï¸½
rubinav0712,India,1337660782784307202,TEAM RUBINAV
vt_hali,,909816907871776769,Hali ğŸ„â˜ƒï¸ğŸ
LolaofLife,In your head,133625718,WhistlingBeautiful
sams_gromit,Mostly the sofa,193433117,Gromit
MattEldritch,"Nueva Escocia, CanadÃ¡",1577549520,ğŸ‘» Matt Eldritch Horror (Commissions Open) ğŸƒ
HootleAiupa,,907598702906413058,Aiupa
FilmGamerOne,,18696601,FilmGamer
thatscraaazyyy,,1233535660721655809,uÉp
JewelOfTheNileX,Valhalla ,1442255047660748802,ğŸ’¦JewelOfTheNileâ˜€ï¸
missgllam,,2438783332,ê“˜:P
ElvisTheAlienTV,,749053787676020737,Elvis The Alien
Samwroten99,"Maryland, USA",1604247608,Sam
comelyxteen,in tim's heart,1223465283056291841,fac .l. PERSONAL 4TH ANNIVERSARY
perruscoso,MÃ©xico,1429596176077123584,El perrusco
GarrixForReal,she & they,1388850004811567106,_CAVEIRA Â¤ | new acc ğŸ¥€
SuperGainsBros,"Portland, OR",2451965563,SuperGainsBros
Iontheinside1,,1408916284557852674,I on the inside
ScienceBotikus,,1452689952018509828,Science Botikus
idieforloki,she/her | 18,1397539010252312576,abru !thena mi seÃ±ora
tonysfrog,21 y/o ,1115504609634680832,matt â€âŠ
Groovy_Greenee,"Sterling Heights, MI",1374581840653254658,Groovy Greene
RetardedManga,"Pantin, France",1398043123658407940,ryoğŸ‡²ğŸ‡½ğŸŒ™
__rishit__,,225926026,Ğ¯Ğ¯Ğ¯Ğ¯
JennyMcKinnon_,The Magical Land of HRT,141517500,Jenny McKinnon
FilmCriticMaybe,"Ireland, They/Them",980641508,The Maybe Film Critic
AlfredoCael,,1465171068511993866,Cael Alfredo
RockSWPA,"Pittsburgh, PA",1260009181253337089,RockSWPA
JokerCritic,New Zealand,3013977030,Michael
bad_tits,Cash.app/$badtits,2705030808,Undefeated White
atsdojo,PHX/LA ,266781131,The Dojo District
lady_perse,Warsaw,1230482713414639617,Lady Perse Top 1%
theshalvah,"Lagos, Nigeria",876342319217332225,jukai (æ¨¹æµ·)
Celebs_Galaxy,,1062633846540242944,Celebs of the Galaxy
YELEN4T,yelena reading guide âŸ,1384399290496430081,hourly yelenat
OneWingedKaiju,He/him,903981307251875841,The Ross Who Saved Christmas
starkadeI,,3317862257,ğŸŒŒ ğ“œğ“ªğ“½ğ“±ğ“¸ğ“¾
jeffinps,Brazil,105596215,Enxofre abissal
D1360L1,,1378412392812531716,D1360
Hawkmaestro21,,3027931868,Jay The HawkmaestroğŸ¹
JohnTran101,,1141159667311079424,J-Tran
MoviesMatrix,contact@moviesmatrix.com,958184718448713728,MoviesMatrixğŸ¿
Kalll_S,,772112207605796864,Kalll
lambmoose,He/Him ,1352774995,Amos
SeriesPelisNews,,1423128363359686656,SeriesPelis
baronessbamf,Oop North,45355314,Beth ğŸ³ï¸â€ğŸŒˆ â™¿
younglogan0910,London,989614179416969216,Logan Young
ChromifiedSoph,No Art Is Mine | She/Her,1159318309428482049,ğ““ğ“²ğ“·ğ“¸ ğŸ¦•ğ“•ğ“¾ğ“»ğ”‚ ğ“›ğ“ªğ“´ğ“®!ğŸ”
bibichuzz,qualquer pronome âš˜,1398777008658825225,bianca âš¢ï¸
SkinnieGuinea,Rhode Island,339120836,Timmy L
dzuuun,"90 Bedford St, New York, NY",1238597773,Yrrej Dzun
Sammybanger,somewhere eating ,80136483,$B
TallDarkLatino7,"Dayton, OH",1678285620,DavÃ­d â„ï¸
Jareihell,,1358190974594387970,ğŸ’¥Angie lvs BakugoğŸ’¥
frelke75,Follow me on GETTR : FreK0,2179835330,FreK0
BlossumNA,,1155706156721025024,Blossum
WeWerelnfinlte,ğŸ‡¨ğŸ‡´ â€¢ black â€¢He/him,939310594892685312,Pablo
Mas_Visto_Col,Yopal,1242845083617169408,Top Streaming Colombia
OscarOGMG,"Caracas, Venezuela",1160697138315235329,Oscar
legendsamerica,"Warsaw, MO",25227474,American History
hhaabbuubb,"Muscat, Oman",1267478201535803392,habub
Elian_zambra,,1350563464234889217,Elian
8MAKESBLCKPINK,ï¼» directioner ï¼½ï¼» atinyblink ï¼½,3119392497,ğŸ¦‹ *â€¢.Â¸â™¡ pao â—ŸÌ½â—Ì½
Miissaa__,Belgique,1057549128794816513,misa
Dynamic_Duel,,4775405215,Dynamic Duel Podcast
natswonder,READ MY CARRD!!,1461951982512521220,â’¶
VincenzoNamor85,Brindisi,412904703,Vincenzo Namor
Chandan_radoo,"Rajahmundry, India",734294017131708416,Radoo ğŸ””
Hannibal95,,16657893,H95
k73592255,,1355870237137149957,k
Darling__Addict,,1457295250729226242,ğ‰ğğ ğ’ğğğ– á´¿áµƒáµˆÊ°áµ‰Ë¢Ê°Ê¸áµƒáµ ğŸ’4ï¸âƒ£5ï¸âƒ£
Microbedoc2,London,3383381801,Jamie Murphy
itmlyricbot,,1284167200912420869,in this moment lyrics
q_aurelius,Epsilon 3,1716403723,T.C. Aurelius
charan96161963,,1220967191459192833,cn
StefanKorn59,"Portsmouth, England",1429091331104706563,Stefan Korn
paula_pj2,,871151912703459328,PaulağŸ„ Tz era ğŸ¥°
WinguThings,"Grand Rapids, MI",1663215870,it's wingu! ğŸ‚ dec 2
Kaballin02,,1445818277574463494,TC_Kaballin
jtownholla,London,806907109442867200,Jessica
crownme_cute,Wherever you wish you were! :),580237753,Cake Targaryen
findura_4,,2942624193,Daniel Findura
ivanmalv,"Maracaibo, Venezuela",963950117991665664,Ivan Alvarado
wtfimsogay,PLANET HER,1356113164467798018,if you know me no you dont ğŸ–¤
Dylan475,,1491951583,D M C
un0rigin41,,1355633151171833871,Catherine Hughes
Nandan_AADHF,BlackPink in your Area ,1008251355717390336,Spidey Raj ğŸ•¸ğŸª“
pypneverfreeze,WÎ”KÎ”á¹ˆDÎ”,1125019402577965056,à¸›à¸µà¸šà¸à¹‡à¹„à¸¡à¹ˆà¸£à¸¹à¹‰â· ||| #AsiansAreHuman
CMoviemaker,Mad World,970755186728865798,Dean Darko
poojah_xo,,2889076308,dougla scientistğŸ‡¬ğŸ‡¾
mandoritos66,Tatooine,1190950711741370368,Å¤ Ä¬ Å¤ Å¬ Å‡
T1MOTHEES,they/she â€¢ persian 24 âš¢,1409285305279172620,ath
ScienceBotikus,,1452689952018509828,Science Botikus
GeekZoneGZ,,713774689269768192,Geek Zone ğŸ’œğŸ¹ #Hawkeye #SpidermanNoWayHome
artikeldienst,,2297761274,ArtikeldienstOnline
nacaomarveI,SÃ£o Paulo,1058197229779980290,NaÃ§Ã£o Marvel î¨€
CaptainAntibody,Florida,54802791,Kyle Michael
Danger_i_be,She/her,1456599402114584579,River â„¢ï¸
widowscordy,,2768848021,maria ğŸ¹ | hawkeye spoilers
CCortave24,"Los Angeles, CA",1881456794,Christian Cortave
kloppsicles,"Queens, NY",1398312365347717127,Kream of the Klopp
ScienceBotikus,,1452689952018509828,Science Botikus
NatDosh,,1465730398177177605,Nathan Dosh
tweetsbeech,she/her || in love with loren,1268025199347273728,or' stilinski | â™‰ï¸
IAMDJREMINISCE,"ÃœT: 49.169177,-122.948789",67407858,DJ Reminsce
Desihoodmusicc,World wide!,211619763,Deep Singh Musicc
voxfux,he/they,1133011768207392770,spooks
mamaAli541,Grants Pass,355751360,aliâ˜€ï¸
trinity58103093,,1354811295443238917,midnight
invenceble,they/them blk,815247440001560576,gogi
DheaMediana,Worldwide,227026843,Dhea Mediana
topiq276,,1100800657844404224,topiq276
xnvdv,he/him,1457272746455420935,deva
jordanjwoodson,"Cabot, AR",4786427718,Jordan Woodson
JackkDoylee,Liverpool ,439141373,Jack Doyle
willy41098,,790550425,WillyğŸ‡ºğŸ‡¸
Vault319,,200798504,ğŸŒ½ Vault319 ğŸŒ½
Jolliejackdaw,San Junipero ğŸŒº,1269814577023397889,JollieğŸ§£(Taylor's version)
golddvstwoman,"she/her, 23, ğŸ³ï¸â€ğŸŒˆ, fan acc",701603595389685762,erica â§—
NdF0021,,1458561891761115137,NdF | 16 dias para #SpiderManNoWayHome
iJWY98,"jonghyun â˜¾ï¸ vernon
â€” liz â™¡ ann + æµæ˜Ÿ",1353326643583057921,ï¸Ù‹
MaxxGhe,"Toscana, Italia",1572577826,Maxx
mar1_gami,she/they || minor,1244306478791561216,ans || JILLYâ€™S DAY 11 DAYS ğŸ„
DefendingMovie,"Chicago, IL",1395052803161264131,Defending Your Movie Podcast
TIMOTH3EE,,1446924288326606848,L0KIVIS
DignityBoikany1,"Katlehong, gardens",2335160673,Tlotlo
lualt91,she/her  â€¢prince harry mi vida,1341249870678650880,lua lvs Harry ğŸ‡µğŸ‡ª// Pleasing
lilyizreel,,1350591271958704129,ğŸ¦‡justinyizreelğŸ¦‡
friezsnake,"Los Angeles, Ca",18328324,joseph villarroel
HouussLeRetour,Champigny-sur-Marne,1015360433484640256,oussama
_Eve_1102,Austria,1087102402325635073,Eve of Astora
crow_bryce,"Seattle, WA",1401200696674775040,Bryce Crow
dieguiinz,"RÃ­o de Janeiro, Brasil",1031030616995901440,/+/ âœ  Dieguin
interrr_daniel,NWH HYPE,861718368012738560,ğŸ•¸DanielğŸ•¸
jkrowlingsdick,any/all pronouns,1152647689110204421,Wil (Taylorâ€™s Version)
BEAXBEAXBEA,Self OC.,1381756444542967816,"ğğ„ğ€, ğ“ğ‡ğ„ ğƒğ”ğŒğğ„ğ’ğ“!"
lildnice14,Philly ,50810991,Hank Moody
TheCreatureHero,"Idaho, USA",891898478493696000,ğŸ” Lord J.C. (Creature)â¤ï¸#StanLee jjba OnePieceğŸ”
Jose17294,,1260369075894652929,JoseRM âš¡
Nerdstak,"Los Angeles, CA",3214769847,Listak
chinaurge,,51183497,china urge
GusRamirezPerez,"Buenos Aires, Argentina",56738101,Gus Ramirez Perez
delmides_17,,216904137,ï¼¤ï½…ï½Œï½ï½‰ï½„ï½…ï½“  ï½ï½“
hotgirlindex,Cyberspace,62582202,Hot Girl Index
CGNCmedia,Worldwide,1235162270059110405,Complainaboutyourgamedotcom
BleedingTeal,Over the rainbow,165345214,Bleeding Teal
KNerd89,,1343105243706494978,AJ Fairnot â¡ï¸ #TheBatman
ChesterCheevo,Bay Area,23922185,Joshua Neditch
hlanasfi,Harry y louis â™¡,1445179981018157057,Ana stê¨„ï¸
spidermanpt,A Espera Do Filme,1458215713131405312,Spider-Man Portugal
dieguiinz,"RÃ­o de Janeiro, Brasil",1031030616995901440,/+/ âœ  Dieguin
SpiderManBRA,Drive de HQ's ,1149333612015312901,Spider-Man Brasil | #SpiderManNoWayHome
XPLlClTS,dni if born after 2004,1365634571052711936,ğŸŒ°
mcuchartdata,,1362969238571520001,Marvel Charts
naluthomas,,1354265343909392386,naluthomas
theogerard_,,887670373466206208,ThÃ©o GÃ©rard
thatsthatmojo,My own lilypad,49920303,âš¡ï¸DOMS KENNEDYâš¡ï¸
_kittycarter,budapest ğŸ¹,979587591954747397,natasha â§— romanoffâ€™s vest
kawaiitrashuwu,,1087839118279753733,ğŸ­PauğŸ­
joaozarate,"Lisbon, Portugal",74479433,JoÃ£o Zarate
getFANDOM,"San Francisco, CA",1332121,Fandom
TheWhiteLion44,"Badajoz, EspaÃ±a",2197005359,ğŸ³ï¸â€ğŸŒˆIsabel Stream PreludeğŸ”®ğŸ„
RelaxationS4all,,1418458211112325120,Sounds-Visuals.com
UntilWriting,,1305302661919580160,Thriving Until Ragnarok
faeflrtz,17 | les,1066712515097300992,ğŸ§šğŸ¾
BRIANPFEIFFER19,worldwide ,1194572873098092544,BOMICHAEL'S FRIEND
Zomgruler,Oakland ,56949601,J-Ro
paxamdaysbot,lyrics may not be accurate,797862504080744448,â€¢
reinhartshines,19 she/her,709909415282003968,nicole â§— misses tde
T1MOTHEES,they/she â€¢ persian 24 âš¢,1409285305279172620,ath
grady4reall,No Way Home,1259163119873638400,ğ“¢ğ™¤ğ™£ ğ™¤ğ™› ğ™†ğ™§ğ™®ğ™¥ğ™©ğ™¤ğ™£
Ashey1101,,4137441794,AshğŸ’›ğŸ¤
ManuelD51072342,New york city,890079749514469376,Omni man
ArvindSh3tty,,1287710217648496643,à¤…à¤°à¤µà¤¿à¤‚à¤¦ Shetty ğŸ˜
irinadxbla5,Two Meus ,1561339238,Nikki
mommas_baby123,,827768971319402498,Loading....
YELEN4T,yelena reading guide âŸ,1384399290496430081,hourly yelenat
sapphicm3dia,in women,1429647738787016705,sapphiccries
bielalm_,"Salvador, Brasil",1272358710841675776,@bielalm_ âœ¨
ines_alysssa,,695832790894538752,stardust â™ï¸
janetje33422351,,906313361209602048,JanetJcrafts
tomhollndlatam,ğŸ“ LATAM,1393220411702317057,Tom Holland LATAM
BuhardiMarvel,EspaÃ±a,889601188324356096,âŠÛ La Buhardilla Marvel âœµâŸ #WakandaForever
jessicatreidxs,"MacapÃ¡, Brasil",1279202005253324803,lari â˜¾ ğŸ“– the wool
Kiwi_arts42,,1283130357647319041,kyle
widxwsc,she/her,1372966049784664065,lurdes â§—
arabellalights,,1385208238480703494,lau
clintnats,25 | she/her | @alyssagifs,279573510,alyssağŸ§£hawkeye spoilers
clintasherson,she/her,4027974622,â§—â³ shels: hawkeye era â³â§—
kaletlin,????,1297681163419443202,caitlin
Ignacioboushh1,"Scranton, PA",60706665,"Bob Vance, Vance refrigeration"
taylorocha,,275238916,Taylor Rocha
SeanColor,"Hampton Roads, Virginia ",858835655480266757,Sean Color
LoriPerkinsRAB,New York City,102745456,Lori Perkins
FireRManfred,New York,275138259,Fire Dave Gettleman
Mr_Red18k,Your phone screen,1099122659424645122,Spideyâ€™s Eternal Sunshine | BLM
Gariigg,16 - he/him,1193523726861639683,Garig
glorutoo,Konohagakure // NJ,1349557417,*
shrekfan3000,He/him/his,1362480735630856195,shrekfan taylor-joy
natsvostokoff,21,926568315270467584,amber â§— misses nat.
MegamanRA,"Bronx, NY USA",1058180145763237889,MegamanNG
imaSEAwitch,"Boston, MA",2224480303,ğŸ§™ğŸ¼ğŸ§œğŸ¼â€â™€ï¸ Jonina ğŸ¥ŠğŸ”® áœŒáœ“áœˆÌŠáœˆáœÌŠ
Gabriel2019JA,"Ensenada, Argentina",2634713792,GABRIELJORGELINNO
DRMovieNews1,United States,1110371982653227008,DR Movie News ğŸ“½
majougari,,2877875139,Ğ°Ñ‚Ğ¾Ğ¼Ğ½Ğ°Ñ Ñ‡ĞµÑ€Ğ½Ğ¸Ñ‡ĞºĞ°
raphaeelroa,In a dream,4884258552,-R-ğŸ§£
niiicolleeee27,,2909012604,nicoleğŸ¬
norgliostro,she/her in Sanctum Machina,1041534148198846465,ğŸ§ÛDeemothradamusğŸ¦‹ğŸ #BroncoHenry'sSaddle
mischiefwidows,she/her // 22 // 18+,1565072778,jac frost âœª
BobbyLSinger,"New York, USA",965240655554535424,RobynZ
ClintonRomanoff,,2461141921,Isadora Darcy
libertyproww,"Tennessee, USA",926281080268840960,Liberty Pro Women's Wrestling
LibertyProWres,"Tennessee, USA",264307592,Liberty Pro Women's Wrestling
beeflessburger,my name tony(any pronouns idc),3423707385,ğŸ”ğŸ¢
SpiralSine6,,938188370097958917,NickG17
habbottreviews,He/Him ,1353462278889336832,Harry Abbott Reviews
PressureZone,England,793191403987857408,Cartel Of One
cerviydae,,931535253742673921,Adin
SeanPVS101,"Naples, FL",800028629812002816,Seanpvs101 ğŸ§©
raphaeelroa,In a dream,4884258552,-R-ğŸ§£
sapphicrambeau,minor/she/her/white,1086668603934543872,rena..HAWKEYE SPOILERS
cctrIl,,1434681696570560520,Ö´Ö¶Ö¸
seyed_edris,â€Œğ™°ğ™·ğš†ğ™°ğš‰ğŸ°,1401891866166149124,ğŸ‡®ğŸ‡· ğ™´ ğ™³ ğš ğ™¸ ğš‚ ğŸ‡®ğŸ‡·
xameliaxkx,United Kingdom,1341539569452408836,ameliağŸ¤¸â€â™‚ï¸ ( HAWKEYE SPOILERS)
NATR0MANOVA,,1435145793627770880,natalia romanova lovebot
ErinxCates,22 | she/they | FL,1023287944029908992,Erinâ¤ï¸â€ğŸ”¥
zmwsill,only zayn,1450629949568819204,Ù‹
backtcdcember,she/her,731625001070276608,belÃ©n
WidowAssemble,Â° Classified Â° ,708298770262450177,Natasha Romanoff Black Widow â§— // Radiant Parody
YELEN4T,yelena reading guide âŸ,1384399290496430081,hourly yelenat
KatelynnTorskyy,ğŸŸğŸğŸ˜â›°â˜ï¸ ğŸŸğŸŸğŸğŸŒµ,704026573632999424,ğ¾ğ‘ğ‘¡ğ‘–ğ‘’ğ‘’â™¥ï¸
exwifenews,,1255039838,my ex-wife
llorebuffay,,1363210515665858566,Lorena Eilhart ğŸ¦‰
karenhaigh24,"North West, England",1421941272646930434,KarenHaigh
ThanosTraphouse,,1457560298488045571,Thanos Traphouse of Memes
MARVELFANSUNI,Earth-616,1106855653409206272,MARVEL FANS UNITED
sLuuugZz,Ontario,25775299,Scones
casifreaks,Colombia,1243267860358717442,Casi Freaks ğŸ¿
NewsMarvelPL,Marvel Cinematic Universe,1396128652732026881,Marvel News Poland
ErocosplayAsian,,1433366180987740163,Erocosplay Asian
andrea_gori7,MÃ©xico,864193256606679040,andrea â¤ï¸
McGivernC_,Manchester,1083275528029786113,Charlie McGivern
adafiIms,,1311055947482173445,â¦
factfinder_all,United Kingdom,1268614401562681344,Fact Finder
conversegyus,all + star/xe/bun/bug,1168899635491950592,rory â™¡s chungha
Kakashi_DX,,1285093553832697857,DX (17 daysğŸ‚ğŸ‚ till day of birth)
Greymarvin_,,1163420386123485184,GreySpeaks
psychosisaddict,,1279198441629814784,JON â˜­
SayzWut,,565987647,Noneya Biz
edwardsromanoff,she/they,1312631696525647873,liv â§— hawkeye era
ellxprincipito,He/Him ,1266719382778118149,Nick âœª Hawkeye era
SamCrow8700,Arizona USA,1354945136908619776,SamGammaRays | Hawkeye Era
ChaseRazor,"Grand Junction, Colorado, USA",3277837459,Jolly RazorRex is Hyped for JWCC S4
METALSHOPROCKS,"Toronto, Canada",62614071,METAL SHOP ROCKS
BayouCDJR,"Laplace, Louisiana",1430631830886227977,BayouCDJR
AbujaRock_Com,Nigeria-Africa,714681248,Abuja Rock Nigeria
HarryWi33176078,Boiling isles,948967546929205248,darkblade ğŸŒŒğŸˆâ€â¬›|hawkeye era
BackoftheHead,"Los Angeles, CA",104323232,John Orquiola
nkhwaps,,1228990806356353030,BOOMER
remnjunhuang,dream 00l,1439534276517646336,Jo
gaonthinker,18,1464602533192732680,ğŸ¸
itsspector_,Ele/dele,1084994486198063104,ğ‘º ğ’‘ ğ’† ğ’„ ğ’• ğ’ ğ’“ â˜¾
alexis_m1209,"Florida, USA",717005629081198592,ğŸ‡¨ğŸ‡· Alexis Moreira ğŸ‡¨ğŸ‡·
Suko_Shock,Crystal,1348198103430651904,Suko
Knewz_Currently,"Va Beach, Virginia",1420660507,Woody
johntylerosborn,"Los Angeles, CA",1639133528,J.T. Osborn
venom0804,Somewhere or other,1012207700334215168,á·á†á¢á»á¡á†á áªá¢á¬
Kurindal,"Atlanta, GA",2466158948,TruxStop
NATR0MANOVA,,1435145793627770880,natalia romanova lovebot
artofromanoff,spain,2718656638,xandra
Alexromval,"Madrid, Comunidad de Madrid",546295792,Alex Salvatore ğŸ¦¸â€â™‚ï¸
WhatTheySayBot,"Florida, USA",922442586224197632,What They Say Bot
iamKENNYROY,"Manila, Philippines",30426219,Kenny Roy
ali_kozuch,in the stars,268932540,ali ğŸ’
hawkarcherie,"i might be young, but i am good. i know what's right and what's wrong.  and if you give me one shot to show you how hard i workâ€” i won't let you down.",1464071543978266625,â€ â€ â€ â€ â€â€â€ ğ’ğ’Šğ’”ğ’” ğ’ƒğ’Šğ’”ğ’‰ğ’ğ’‘ â€ â€ â€ â€â€â€
BBYYATUSABES,United Kingdom,751997214,bby â˜†
KathrynGeeksOut,"The High Ground, Mustafar",1039672682856554496,Kathryn is âœ¨always tiredâœ¨
iKenny_J,"New York, 117A Bleecker St.",845049410941804545,Kenny J - Fâ“¸
Kezebre1,,1426989226734800898,KezebreÅŸ
myenoxx,,1392410715869388804,Eno
RealScreenGeek,,3233508981,ScreenGeek
GeekZoneGZ,,713774689269768192,Geek Zone ğŸ’œğŸ¹ #Hawkeye #SpidermanNoWayHome
TotalMessista,,1412849834067857408,TotalMessista
YELEN4T,yelena reading guide âŸ,1384399290496430081,hourly yelenat
cinesinspoilers,,1463772738045325313,"CrÃ­ticas Sin Spoilers. AnÃ¡lisis de BD, 4K, DVD."
x_tesfayegrande,ÇnuÇÊŒÉuooÉ¯ÊÇuoÉ¥,1077262877281710081,X
FaveTomStan,,1375924537045487625,YOUR FAVE TOM STAN GOT NWH TICKETS
aiyazawastudent,19 she/her intp,1153754921336004610,angel
SpiderMan3news,,1315979892954214401,Spider-Man No Way Home News And Countdown
spideysnews,,1328198527906840576,Spider-Man: No Way Home News
sinnerward,,1004652758652219393,p
aniahs_,,1097532930027544576,yna
dzuuun,"90 Bedford St, New York, NY",1238597773,Yrrej Dzun
LaenFFXIV,,712257641003786245,Empress of War
maneskinKTM,"Sydney, New South Wales",1347528932355047424,hayley âœ¨
SalaciousRum,"England via Jungle Ave, Kowak",974921467161870337,Salacious Rum
shivsdream,she/her // BLACK â™¡,1103040993941749768,cindy's gf â™¡
Conortroversial,London,544185890,bussy summers
brtzf,20,1396422299075633153,beatriz
dj_alba_nalo,Namibia,995127464,DJ A L B A N V L O
wooriverse,,1098565291695468545,urlatteâ˜• ia
marquee_report,Atlanta,1360057250455445505,The Marquee Report
Prototype_Ti,D{M}V,113199406,TÃ­ Who Remains ğŸ‘‘
robnhoodNL,,1271624324601073664,RobnhoodCast
EmmaWilson120,United States,801823935922917376,Emma Wilson
lifeflipmedia,"Portland, OR",334706995,LifeFlip Media
EmmaWilson120,United States,801823935922917376,Emma Wilson
elfuckedera,,1386896179800121344,heenim's ğŸ’
Jsvb43484591,,1321832577951563779,Jsvb
theluckyman,United States,7228352,Jason S â™‹ ğŸ‡ºğŸ‡¸
MovieOrama,,1123117357,Pubdo
IWASTHELYGHT,,1390570403295375363,Christan
Variety,"Los Angeles, CA",17525171,Variety
halosheather_,,1275146187771801601,tam
TallyMichelle4,On the ğŸ›‹watching a Movie,1414253006640537603,Tally Michelle ğŸ¦ğŸ¤—ğŸ˜˜
kristenkbates,Hoth ,2980825535,Kristen Bates
Bengiamino,Bologna,275047263,Bengiamino Bottone
I_JEDI,"Baltimore, MD",22583066,Jeff Cantstanja
pete_hennessy,UK,528857874,Pete
SoulwellPublish,,349796740,Soulwell Publishing Group
itmlyricbot,,1284167200912420869,in this moment lyrics
MelancholyElk,"Washington, England",1191673887613956096,Semi Skimmed Liam
clintashabot,"Budapest, HungrÃ­a",1390677210508390408,clintasha quote bot
loudmouthjulia,Brooklyn,369629573,julia alexander
EmeraldxArcher,Star City,1406423614572875778,ğ‘¶ğ’ğ’Šğ’—ğ’†ğ’“ ğ‘±. ğ‘¸ğ’–ğ’†ğ’†ğ’(ğ‘¯ğ’ğ’”ğ’‘ğ’Šğ’•ğ’‚ğ’ğŸ¥)
pandapanther21,,1428390360493875200,Panda
TTHOOM,"Rochester, NY",24373473,Tim Terrell
protovybe,the setting of the sun,1340420659793567744,Gullah Gyal E
buchananswitch,,1452341304923508741,lauren
Itsgaetandanmit,LOST,39198376,GAETAN ğŸ‡­ğŸ‡¹
JimVorwald,Hoogvliet,15506149,Jim Vorwald
Robbins17Chris,"Missouri,USA",1934915095,Chris Roberts
danza_kuduro8,Forks,1257608961827778561,gabi
conversegyus,all + star/xe/bun/bug,1168899635491950592,rory â™¡s chungha
stillman_sean,,772850038523498497,Sean
anthmackingames,,1358547929825476611,anthmackin ğŸ®
ferrarimanf355,Three Seven Speedway,15845571,Alex
OptimistPrime99,,902603451850522625,OptimistPrime99
lolagbenjo,"Woodstock, GA",1425512969367080970,Lola Gbenjo
DoctorAngus,"Philly, PA âœˆï¸ Taipei, Taiwan",60395847,DoctorAngus
myp28850,,1093337942,Marcos Yedres
rizzard2022,"Jonesboro,Arkansas",1286854280,Ryan Amador
conversegyus,all + star/xe/bun/bug,1168899635491950592,rory â™¡s chungha
YELEN4T,yelena reading guide âŸ,1384399290496430081,hourly yelenat
AndHalibut,,1287199822731239424,Pancakes - Comms Open
dajmioddech,,1449124126367653893,nieumiemzycbezciebie
LYHPRIDE,stfu motherfuckers,1276786109242982409,Ù‹ kinda ia
buchananswitch,,1452341304923508741,lauren
korgaron,Essen,984784023141666816,Altimett Pauer
TSGIF12,"BlackWidow July 7, 2021",1142757652616712193,Team Scarlett
armjamlee,Toronto,398409366,Save Thesinner
dynamightsimp,next to her ,1225607344052039681,ğŸ„â˜ƒï¸Caput Draconisâ˜ƒï¸ğŸ„
LegitBobbyHill,"Arlen, Texas",1392084874861887488,Bobby Hill Longhorns are 5-7 (3-6)ğŸ˜”
martecomplicado,Sinnoh. ,712306916169555969,Saraaâœ¨
SalaciousRum,"England via Jungle Ave, Kowak",974921467161870337,Salacious Rum
HogWhisperER501,,1537148120,ğŸ—ğŸ—ğŸ—ğŸ—Big WhispyğŸ—ğŸ—ğŸ—ğŸ—
Griefweaver,,1376973060260175875,Yakthzxhos Nichiouji
sweetyredvelvet,,1207884255742713856,mithaa
RandomReduX,,38202591,Rando the Snowman
brenda_heard,,2463630362,Brenda Heard
NainHuamanii,Argentina ,872775342,nain â˜»
ApxLoki,"Gravity falls,Oregon.ğŸŒ²",1452540679645646851,ğŸ–¤ApğŸ’š
isaacikeda,he 21,1194935504032059393,shannon
geekritique_dak,"New York, USA",1516914829,"Dakota, Timeline Critic"
NECTAR0FTHEGOD,,1428019993233563648,YANG.mp4
marloveshstyles,ğ‘ğ‘¢ğ‘‘ğ‘ğ‘ğ‘’ğ‘ ğ‘¡ ,1441197200592150533,á´á´€Ê€ğŸˆâ€â¬›
DCFansUnited,"Nueva York, USA",2837701390,DC Fans
epicdave2001,,1396920646039392257,David
RachelStuhler,,348036406,Rachel Stuhler
_Dunka__,Trench,1198576862169051137,TÃ˜Paganda | jebaÄ‡ sony era
moonhatake,he/him,1073676333606191104,BaRN
SomeKirbyFan,the swag dimension,884525446557302786,Carlos
BigC1iff,Ya Mom's house eating waffles,929154342069915649,Cliff (Reacts)
SladeGrayson,,1177999332265607168,Slade Grayson
smarkatahipiska,she/her   ,1291694416089042944,JaskÃ³Å‚ka
Thheine1,,1342756131886813185,TN de Querelle(s)
copyrovers, evermore ,1086629069293273089,ivy -173
beeduoluvsyou,he/they/end | minor ,1342269967656394752,ace
samflwers,a/ela/a,1346478852269166593,sam
GodSavemilitao,,1033691632238043137,115 || 799
williamschurros,those two guys hell,896937712825061378,ğŸ‘½smerdyakovğŸ‘½ â€¼ï¸ blm â€¼ï¸ fuck the founding fathers
merlinpapin3,"Paris, France",4192878795,Merlin Philippe
jimmy_rahul,New Delhi,157628256,Rahul Shanker
wvrthy,Connecticut,154381127,Chelsie
ai_curio_bot,Queue: 3,1436000344249540614,ai_curio_bot (NO CUSSING)
TheJaseFiles,Barbados,984783764692795392,Jason Fenty ğŸƒğŸ‘»
noreelshani1995,Deutschland,1393586409710276609,noreğŸ’œ
DANIELRAYBLOG,internet,736008429676994560,ğŸ¦‹
DaDFC2,yo aunty house nyc,473709540,Sailor Hoochie ğŸŒ¸ğŸ‡¬ğŸ‡¾âš¡ï¸
friendly_sushi,,1415539544686927873,ã™ã—ã‚¤ãƒƒãƒŒ
edwin__thomas,India,1039731453943316480,Edwin Thomas
NATR0MANOVA,,1435145793627770880,natalia romanova lovebot
vivi_a_vivi,sheÂ¡!her â€¢ 03 â€¢ isfp,1260690756722974730,kolka à¥ª hawkeye era
Sebasti57646082,Uio,1243221115176181761,Doomerguy
stevenatbot,,1415704950420742150,stevenat quote bot
YTisdying,,860611838001721345,â ï¸
frankrxII,"melaka, malaysia",256032415,Norhisyam Hasim
PanObrien7484,,1463846384843505666,â€ğ‘¶'ğ’ƒğ’“ğ’Šğ’†ğ’à¼†|ğŒğ‚ğ”|à¼†mral v2
AZPest,"Tucson, AZ ",37577719,Arizona Pest Control
Chaosruler21,"Maine, USA",262905113,Chaosruler | Boss | Adam ğŸ’š
untitledblue,Commission Closed for 2021!,589743878,ğŠ. | artbymakade ğŸŒ¸ - packing KJY kit
sarkoas,he/they,1460306493920604168,Rafkaa
YELEN4T,yelena reading guide âŸ,1384399290496430081,hourly yelenat
BillybugNews,,1115036268298219520,BillybugNewsCentral
Chanell_Q,Nowhere and everywhere ,409362998,C H A N E L L
Snowx2k5,,19236709,SnowX2K5
halogod1755,,737106393124065281,YoursTrulyHalo
di__tir,villa dominico,163472892,Buscado
DrCireErdna,,4382937733,Cire Erdna
romqnovas,she/her ! 18 ! âš¢ ,1310661557190361089,carmen
SHIELDZephyrOne,âš ï¸ Location: Classified âš ï¸,3134622627,Son of Coul ğŸ‡ºğŸ‡¸ ğŸ‡«ğŸ‡· CinÃ© & SÃ©ries ğŸ¦ ğŸ“º
bluewolf3115,SSV Normandy,786252927820115968,Matt Austin
hiccupingjoe,she/they/he | 18 | lesbian,1179746587653951489,ğŸ 
Bloxxer1412,,1439051260154552320,Bloxxer14
taylorpbuh,,1464078927312429056,ğŸ’•abduIğŸ’•
xcxsuspended_,,1465293646283128835,ğŸ˜º
Immmadelethis6,,1465661559020085255,Elizabeth Thiry
THEdaisjha_,"souf jxn, MS",230947611,dÄi
ButchHc,"USA,MI   America first MAGA! ",1365072332692353028,ButchConard's wife miss' President Trump 2024
swaggybaggys,shannon: ì¹˜í‚¨ ì‚¬ë‘í•´,1190673170937847809,gabğŸ— listen to ğŸ—
loize,"Amsterdam, The Netherlands",14153956,lou (taylorâ€™s version)
AnghusH,"North Carolina, USA",1080233670517112832,Anghus
druigdeaIer,she/he (only),1436024763349016611,indrani
loggie6424,,1449412635309613063,Renaldo Bisnath
AlpaslanTopouz2,New Genesis,2226895288,Alpaslan Topouz (he/him)
oopswika,she/her,907628104079855617,Wiktoria â§—
AllhailAaash, my Inferno,31067047,ğŸ‘¼ğŸ˜ˆğŸ––âœˆï¸ğŸµğŸ¬ğŸ“šğŸ’ƒğŸ¦
wxnwrites,mcu | filo ,1434589711197114368,4C | little red â§—
captainswidxw,abels crib ,1124488834622693376,elissa is ia
insomniac_klarr,Denki's heart (she/her),1444783908680310788,Klarrissa || no event ||
RedHatMeg,"Varsovia, Polonia",4713085948,RedHatMeg
isiriuslyluvlwt,she Â¿ they ğ“†©*ğ“†ª 15,1251838076084772865,L ã‹¡
NATR0MANOVA,,1435145793627770880,natalia romanova lovebot
wizavengers,,1098207976165425152,Stream sogni al cielo e tra silenzi (Roma)â€â§—
blissfluff,,1459206013848981587,zara
turkish_kiiiz,Marvel,1320107048860897294,Moi je-ğŸŠğŸ´â€â˜ ï¸
KimWilliams201,she/her,1180242051386003456,Kim (Taylors version) art in ğŸ“Œlesbians follow.
_gabrielmso,"Corinto, Brasil",921078521807634433,Mimi
exclusivegloba3,,1382028946754072587,exclusiveglobalnews
HaizEsque,UK ,623154395,Dan ğŸ¹ğŸ’œ
metal_millitia,"UNDER RED MOUND ,TOKYO ",797378079752491012,DEATHK@EETFUK
Avxni4,Asia,1424223803173871616,ave/ANAKIN AND ASHOKA REUNION
mattbrinkleeey,"Parsonsburg, Md",1206537511,Matt Brinkley
clueless_cow,Channel LinkğŸ®,1595448379,Clueless Cow
britellism,,320732475,"kat, kendally ill"
cxptainflint,22 | she/her | \\Â·.âœ­.Â·//,2484512214,the mechanic âŠ comms open
RemusunDolunayi,Penbe Bi MezarlÄ±k,1426879333075988480,RemusâŠî¨€
YELEN4T,yelena reading guide âŸ,1384399290496430081,hourly yelenat
vdovanoir,"â˜ï¸    any prons . / black widow & iron man lovebot . â˜† part - time roleplayer, fulltime adrien agreste parent . ã…¤ã…¤ã…¤ã…¤ã…¤",1281388589734076417,Â­Â­ Â­Â­Â­ Â­Â­Â­ Â­Â­Â­ Â­Â­Â­ Â­ * .. lexi .áŸ Â­Â­ Â­Â­
flickerofEVANS,cevans' arms,3035171428,"kiviaâ™¡s madzia|dune,hawkeye&nwh era"
fauxlamour,maximoff â™¡ barnes â™¡ she/her ,1001854631281078272,emeline Â¦ belova-romanoff ğŸ„
SoulwellPublish,,349796740,Soulwell Publishing Group
yoqngbok,ASYLUM with SourireÃ¡.,1456053627806629891,Yongbok #ChristmasEveL
sunnwuo,Yeji completes me.,1405530542158671879,SW.
FinderAction,,1395383002683920386,ActionFigureFinder
imsebstn,ENG/INA | SND. ğŸ”,879294480876158976,Sebby
wooriverse,,1098565291695468545,urlatteâ˜• ia
delreyprfct,"melodrama, track 5",1432339547254362115,gi à¥ª âŠƒâˆªâˆ©âª½
_warriorthor_,,1448173810134523905,Sal (Agatha's protector)| Hawkeye erağŸ‘ï¸
soundtrack1000,Amazon.co.jpã‚¢ã‚½ã‚·ã‚¨ã‚¤ãƒˆ,841503888641413122,æ–°ç€ã‚µãƒ³ãƒˆãƒ©CDæƒ…å ±
lovequinnswife,they/them | 18+,1897017997,~
tchalamethegoat,United Kingdom,2603995761,seabassâ˜» à©ˆâ™¡â€§â‚Š
sf27me,ngekosple jadi warga fesbuk,1518740899,Kaineki Ken | Cek PIN
rohannsharma,,1233483875420180480,Rohan Pankaj Sharma
newsvata,Uttar Pradesh,1237006829474869248,Vata News
samacharnews_in,,127185408,Samachar News
sarixx25,wwa,700334283542630400,Sarix
TheSahuNews,International,1276495633520754689,Sahu News
rhapsodyloki,Australia,997395925915000833,Amy
FutureProTech1,"Islamabad, Pakistan",1117733136769662977,FutureProTech Official
almakatsu,,26325859,Alma Katsu
broken_social,Northwest Arkansas,705112085051547648,Broken Pictures
MrRando12345,,1464160032220762115,Mr. Random
Xi_fak3,"Temuco, Chile",1024857567992926208,JosÃ© InsufribleğŸŒ¹ğŸŒ³
Wockameshi,"Austin, TX",2877433364,Shemar ğŸ…ğŸ¿
Gks0k,,909357694078865408,Rosi GğŸ´â€â˜ ï¸
QUEENMXSURA,"Wisconsin, USA",2751294045,ğŸ•·ğ•»ğ–†ğ–šğ–‘ğ–† â§—
Dilan_Smithee,"Los Angeles, CA",786401834860617728,"Dilan ""Christmas"" Smithee"
Heap41928101,,1437151992984580103,Heap
ReturnOfTheKlay,Paris,231960824,Antonio De Armas
HoneyandSmyths,"West Palm Beach, Florida ",1013702748259250177,HoneyandSmyths
LunaticPlayerFR,France,719318603946991616,LunaticPlayer
NATR0MANOVA,,1435145793627770880,natalia romanova lovebot
Laspaa1,,871691927636381697,Lasse ğŸš´â€â™‚ï¸
5Kiws,She/her,1286038326189883395,ğŸ§¡
Shanuverma405,,1440974939691966468,CINE SPORTS
BenAKAGet,,140792802,Lord Ben â˜ï¸
SOVlETWIDOW,â €â €â €â €â €â €â €â €â €â €â €â €â €,1426953833788420098,Ù‹
YELEN4T,yelena reading guide âŸ,1384399290496430081,hourly yelenat
Toms_OTR,,1257521746388766720,Tom's Noir Old Time Radio
DPowerfully,,1102923488929697792,DR.king powerfully
BillieBanner0,INTP 5w4 | unlabeled | white,1254884386245353479,âœ¡ï¸ Billie â€âœ‡
SoulwellPublish,,349796740,Soulwell Publishing Group
queen23_selfie,delhi,1372620112340025345,selfie queen23
wwwcurrentnews1,India,1332941354586886144,www.currentnewstv.com
Knewz_Currently,"Va Beach, Virginia",1420660507,Woody
DoubleJPlays,Australia,114626672,Double J Plays
hnfzlll,"Johore, Malaysia",2942893316,Hâˆ†N
bitdadari,,306148076,nğŸ
sarang143u,"Hyderabad, India",773485929969414148,Sarang Pokhare
st9rboy,he/him,1353806785,Pao
TheDailyPres,United States,1438558710440284162,The Daily Press
Sundar9122024,kallidaikurichi ,1100366293352378373,Sundar
FD_StoltSvensk,,1005069879886729216,Vilks ğŸ‘‘
daveeda_jane,Estados Unidos,1421896033248894980,Daveeda Jane
romxncva,she/her,1432861455942967305,lei â§—
94HornyHrry,"â€”for every question why . . . .
                    home , , gÂ³,a,lÂ³,c,mÂ²,sÂ²
        ğŸ”for my soulmateâ€¦I found grace&harry!",1379134765320835072,vodka alla mentağŸ‘©â€â¤ï¸â€ğŸ’‹â€ğŸ‘© ; santaâ€™s era!!
HGHWAYTOHCLL,ğŸ¹â™¥ï¸@QUICKSILVEX ,1395499942299541508,"ğ™ƒğ˜¼ğ™’ğ™†ğ™€ğ™”ğ™€, ğğ¢ğğ­'ğ¬ ğğ¨ğ²ğŸğ«ğ¢ğğ§ğ."
AndyVermaut,"Diksmuide, BelgiÃ«",283604227,Andy Vermaut
vivi_a_vivi,sheÂ¡!her â€¢ 03 â€¢ isfp,1260690756722974730,kolka à¥ª hawkeye era
Carmancva,,1465306517297635339,Comfort for peggynaties
mcutimes,USA,1388527425001189376,MCU Times
Tellywood11,,1352993960088772609,Tellywood
didicco,,41441202,Diganme_Di
fonr_v,"Dyersville, IA",726564164433485825,Field Of Nightmares Radio - Classic Vintage Blues
DEADLINE,"Hollywood, California",586032653,Deadline Hollywood
dmrj0928,,761327904,DRJohnson
nemorosumm,Everywhere but Nowhere ,1434275788833046534,sir.
cathayan,Singapore,6131682,èµ¤é“ğ”¹ğ•£ğ•–ğ•–ğ•«ğ•–
wirelessriot,,17591599,Mande | WirelessRiot - 5G and Spicy
pmbontrager,"Wakarusa, Indiana",22757869,Patricia Bontrager
Iuapkan,Dnff,1417483023302504456,@Iuapkan
kayaanbedi,,871378894762393600,Kayaan Bedi
mygiqntbabyy_,,1268034379864870912,ala
techaai_tech,,790004195181101056,Techaai
raindryx,she/her,1250031916075511810,raa â€” kinda ia
Howmanycrossov,The last reality,1454121076984844294,How many collabs more Will make fortnite?!!
KarmKing001,The Universe,1409151776549388296,ğŸŒ™ karm king ğŸŒ™
ZiieRadebe,REThekwini ,1358782727106015233,Ziie. âœğŸ¿
pughcraze,,1422460414789570562,â™¥ï¸MARVELMANIA
ErocosplayAsian,,1433366180987740163,Erocosplay Asian
lazygeniusxa,Indonesia ğŸ‡²ğŸ‡¨,2604826010,ğğ§ğ©ğ¡ğ¨ğ«ğ¢ğšâ·
elmonilo,,1460891421842366481,L
endipayah,"Jawa Timur, Indonesia",1251101835168894977,kuncirrambut_blackwidow
MyGoochlsFat,â€” wherever,1457762981903683588,hi
McAwsome_n,You never know,181858764,âœ¨ ğ’©ğ’¶ğ’¹ğ“ || Scarlett noticed me âœ¨
YELEN4T,yelena reading guide âŸ,1384399290496430081,hourly yelenat
TheElevateState,The Spaceship,1342100158977335301,Comet ğŸ™ğŸ¿Chaser
Pistashe007,"Montpellier, France",846491312,LhÃ©na
thisissnufkin__,TIMRO MUTU MA,811919358301614084,Chiinu Swami Muttu Swami VenuGopal Iyer
Manhart29956418,,1368905878250864642,Que ton
ryanaustinf,National Capital Region,42608227,Austin Fernandez
ningzey,,1348672001339084802,jay
rosesnchz,MNL,103267512,ğ™§ğ™¤ğ™¨ğ™ğ™š
wgtc_site,USA,160664621,We Got This Covered
delgado709,"Pennsauken, NJ, he/him",2437565181,christianâ·ğŸ§ˆ
taexmiin,^â–½^,224975432,hb kaeya â„ï¸
MRossmcguire,"Canandaigua, NY",1415862603977482240,Seventh Law
stvebckyrogers,she/her | southasian | 21,817650310835421184,eÅ‚ena ğŸ„
Born2TeasexXx,London,2835317789,Born2Tease Official Account
nsfwmarvelbot,,981315669080846336,marvel bot
TheGespenst,,3814848802,Gespy
SeaShellApp,,1265879857096830976,Sea Shell
losteltanin,pale blue dot,713557345817600000,"ğ‘¹ ğ‘¨ ğ‘¬, a gamma draconis"
lizziepughmcgra,,1407948475778486275,Azzie á—¢â§— nikatie child confirmed
