username,user_id,name,location,withheld.country_codes
Hawkmaestro21,3027931868,Jay The HawkmaestroğŸ¹,,
JohnTran101,1141159667311079424,J-Tran,,
MoviesMatrix,958184718448713728,MoviesMatrixğŸ¿,contact@moviesmatrix.com,
Kalll_S,772112207605796864,Kalll,,
lambmoose,1352774995,Amos,He/Him ,
SeriesPelisNews,1423128363359686656,SeriesPelis,,
baronessbamf,45355314,Beth ğŸ³ï¸â€ğŸŒˆ â™¿,Oop North,
younglogan0910,989614179416969216,Logan Young,London,
ChromifiedSoph,1159318309428482049,ğ““ğ“²ğ“·ğ“¸ ğŸ¦•ğ“•ğ“¾ğ“»ğ”‚ ğ“›ğ“ªğ“´ğ“®!ğŸ”,No Art Is Mine | She/Her,
piyan09845629,1353009049357357057,(Whath-HD)! VENOM 2 2021 Online Movie Full Free,english,
bibichuzz,1398777008658825225,bianca âš¢ï¸,qualquer pronome âš˜,
SkinnieGuinea,339120836,Timmy L,Rhode Island,
dzuuun,1238597773,Yrrej Dzun,"90 Bedford St, New York, NY",
Sammybanger,80136483,$B,somewhere eating ,
TallDarkLatino7,1678285620,DavÃ­d â„ï¸,"Dayton, OH",
Jareihell,1358190974594387970,ğŸ’¥Angie lvs BakugoğŸ’¥,,
frelke75,2179835330,FreK0,Follow me on GETTR : FreK0,
BlossumNA,1155706156721025024,Blossum,,
_lizethtorres,401660632,Liz,"Monterrey, Nuevo LeÃ³n",
WeWerelnfinlte,939310594892685312,Pablo,ğŸ‡¨ğŸ‡´ â€¢ black â€¢He/him,
Mas_Visto_Col,1242845083617169408,Top Streaming Colombia,Yopal,
OscarOGMG,1160697138315235329,Oscar,"Caracas, Venezuela",
legendsamerica,25227474,American History,"Warsaw, MO",
hhaabbuubb,1267478201535803392,habub,"Muscat, Oman",
Elian_zambra,1350563464234889217,Elian,,
8MAKESBLCKPINK,3119392497,ğŸ¦‹ *â€¢.Â¸â™¡ pao â—ŸÌ½â—Ì½,ï¼» directioner ï¼½ï¼» atinyblink ï¼½,
Miissaa__,1057549128794816513,misa,Belgique,
Dynamic_Duel,4775405215,Dynamic Duel Podcast,,
natswonder,1461951982512521220,â’¶,READ MY CARRD!!,
VincenzoNamor85,412904703,Vincenzo Namor,Brindisi,
Chandan_radoo,734294017131708416,Radoo ğŸ””,"Rajahmundry, India",
Hannibal95,16657893,H95,,
k73592255,1355870237137149957,k,,
Darling__Addict,1457295250729226242,ğ‰ğğ ğ’ğğğ– á´¿áµƒáµˆÊ°áµ‰Ë¢Ê°Ê¸áµƒáµ ğŸ’4ï¸âƒ£5ï¸âƒ£,,
Microbedoc2,3383381801,Jamie Murphy,London,
itmlyricbot,1284167200912420869,in this moment lyrics,,
q_aurelius,1716403723,T.C. Aurelius,Epsilon 3,
charan96161963,1220967191459192833,cn,,
StefanKorn59,1429091331104706563,Stefan Korn,"Portsmouth, England",
paula_pj2,871151912703459328,Paula âœ¨ Tomdaya era ğŸ¥°,,
WinguThings,1663215870,it's wingu! ğŸ‚ dec 2,"Grand Rapids, MI",
Kaballin02,1445818277574463494,TC_Kaballin,,
jtownholla,806907109442867200,Jessica,London,
crownme_cute,580237753,Cake Targaryen,Wherever you wish you were! :),
findura_4,2942624193,Daniel Findura,,
ivanmalv,963950117991665664,Ivan Alvarado,"Maracaibo, Venezuela",
wtfimsogay,1356113164467798018,if you know me no you dont ğŸ–¤,PLANET HER,
Dylan475,1491951583,D M C,,
un0rigin41,1355633151171833871,Catherine Hughes,,
Nandan_AADHF,1008251355717390336,Spidey Raj ğŸ•¸ğŸª“,BlackPink in your Area ,
pypneverfreeze,1125019402577965056,à¸›à¸µà¸šà¸à¹‡à¹„à¸¡à¹ˆà¸£à¸¹à¹‰â· ||| #AsiansAreHuman,WÎ”KÎ”á¹ˆDÎ”,
CMoviemaker,970755186728865798,Dean Darko,Mad World,
poojah_xo,2889076308,dougla scientistğŸ‡¬ğŸ‡¾,,
mandoritos66,1190950711741370368,Å¤ Ä¬ Å¤ Å¬ Å‡,Tatooine,
T1MOTHEES,1409285305279172620,ath,they/she â€¢ persian 24 âš¢,
ScienceBotikus,1452689952018509828,Science Botikus,,
GeekZoneGZ,713774689269768192,Geek Zone ğŸ’œğŸ¹ #Hawkeye #SpidermanNoWayHome,,
artikeldienst,2297761274,ArtikeldienstOnline,,
nacaomarveI,1058197229779980290,NaÃ§Ã£o Marvel î¨€,SÃ£o Paulo,
CaptainAntibody,54802791,Kyle Michael,Florida,
Danger_i_be,1456599402114584579,River â„¢ï¸,She/her,
widowscordy,2768848021,maria ğŸ¹ | hawkeye spoilers,,
CCortave24,1881456794,Christian Cortave,"Los Angeles, CA",
kloppsicles,1398312365347717127,Kream of the Klopp,"Queens, NY",
ScienceBotikus,1452689952018509828,Science Botikus,,
NatDosh,1465730398177177605,Nathan Dosh,,
tweetsbeech,1268025199347273728,or' stilinski | â™‰ï¸,,
dogdog99503578,1455460745567559689,dog dog,,
IAMDJREMINISCE,67407858,DJ Reminsce,"ÃœT: 49.169177,-122.948789",
Desihoodmusicc,211619763,Deep Singh Musicc,World wide!,
voxfux,1133011768207392770,spooks,he/they,
mamaAli541,355751360,aliâ˜€ï¸,Grants Pass,
trinity58103093,1354811295443238917,midnight,,
invenceble,815247440001560576,gogi,they/them blk,
DheaMediana,227026843,Dhea Mediana,Worldwide,
topiq276,1100800657844404224,topiq276,,
xnvdv,1457272746455420935,deva,he/him,
jordanjwoodson,4786427718,Jordan Woodson,"Cabot, AR",
JackkDoylee,439141373,Jack Doyle,Liverpool ,
willy41098,790550425,WillyğŸ‡ºğŸ‡¸,,
Vault319,200798504,ğŸŒ½ Vault319 ğŸŒ½,,
Jolliejackdaw,1269814577023397889,JollieğŸ§£(Taylor's version),San Junipero ğŸŒº,
golddvstwoman,701603595389685762,erica â§—,"she/her, 23, ğŸ³ï¸â€ğŸŒˆ, fan acc",
NdF0021,1458561891761115137,NdF | 16 dias para #SpiderManNoWayHome,,
iJWY98,1353326643583057921,ï¸Ù‹,"jonghyun â˜¾ï¸ vernon
â€” liz â™¡ ann + æµæ˜Ÿ",
MaxxGhe,1572577826,Maxx,"Toscana, Italia",
mar1_gami,1244306478791561216,ans || SABRI NOTICED ERA,she/they || minor,
DefendingMovie,1395052803161264131,Defending Your Movie Podcast,"Chicago, IL",
TIMOTH3EE,1446924288326606848,L0KIVIS,,
DignityBoikany1,2335160673,Tlotlo,"Katlehong, gardens",
lualt91,1341249870678650880,lua lvs Harry ğŸ‡µğŸ‡ª// Pleasing,she/her  â€¢prince harry mi vida,
lilyizreel,1350591271958704129,ğŸ¦‡justinyizreelğŸ¦‡,,
friezsnake,18328324,joseph villarroel,"Los Angeles, Ca",
HouussLeRetour,1015360433484640256,oussama,Champigny-sur-Marne,
_Eve_1102,1087102402325635073,Eve of Astora,Austria,
crow_bryce,1401200696674775040,Bryce Crow,"Seattle, WA",
dieguiinz,1031030616995901440,/+/ âœ  Dieguin,"RÃ­o de Janeiro, Brasil",
interrr_daniel,861718368012738560,ğŸ•¸DanielğŸ•¸,NWH HYPE,
jkrowlingsdick,1152647689110204421,Wil (Taylorâ€™s Version),any/all pronouns,
BEAXBEAXBEA,1381756444542967816,"ğğ„ğ€, ğ“ğ‡ğ„ ğƒğ”ğŒğğ„ğ’ğ“!",Self OC.,
lildnice14,50810991,Hank Moody,Philly ,
TheCreatureHero,891898478493696000,ğŸ” Lord J.C. (Creature)â¤ï¸#StanLee jjba OnePieceğŸ”,"Idaho, USA",
Jose17294,1260369075894652929,JoseRM âš¡,,
Nerdstak,3214769847,Listak,"Los Angeles, CA",
chinaurge,51183497,china urge,,
GusRamirezPerez,56738101,Gus Ramirez Perez,"Buenos Aires, Argentina",
delmides_17,216904137,ï¼¤ï½…ï½Œï½ï½‰ï½„ï½…ï½“  ï½ï½“,,
hotgirlindex,62582202,Hot Girl Index,Cyberspace,
CGNCmedia,1235162270059110405,Complainaboutyourgamedotcom,Worldwide,
BleedingTeal,165345214,Bleeding Teal,Over the rainbow,
KNerd89,1343105243706494978,AJ Fairnot â¡ï¸ #TheBatman,,
ChesterCheevo,23922185,Joshua Neditch,Bay Area,
hlanasfi,1445179981018157057,Ana stê¨„ï¸,Harry y louis â™¡,
spidermanpt,1458215713131405312,Spider-Man Portugal,A Espera Do Filme,
dieguiinz,1031030616995901440,/+/ âœ  Dieguin,"RÃ­o de Janeiro, Brasil",
SpiderManBRA,1149333612015312901,Spider-Man Brasil | #SpiderManNoWayHome,Drive de HQ's ,
XPLlClTS,1365634571052711936,ğŸŒ°,dni if born after 2004,
mcuchartdata,1362969238571520001,Marvel Charts,,
naluthomas,1354265343909392386,naluthomas,,
theogerard_,887670373466206208,ThÃ©o GÃ©rard,,
thatsthatmojo,49920303,âš¡ï¸DOMS KENNEDYâš¡ï¸,My own lilypad,
_kittycarter,979587591954747397,natasha â§— romanoffâ€™s vest,budapest ğŸ¹,
kawaiitrashuwu,1087839118279753733,ğŸ­PauğŸ­,,
joaozarate,74479433,JoÃ£o Zarate,"Lisbon, Portugal",
getFANDOM,1332121,Fandom,"San Francisco, CA",
TheWhiteLion44,2197005359,ğŸ³ï¸â€ğŸŒˆIsabel Stream PreludeğŸ”®ğŸ„,"Badajoz, EspaÃ±a",
RelaxationS4all,1418458211112325120,Sounds-Visuals.com,,
UntilWriting,1305302661919580160,Thriving Until Ragnarok,,
faeflrtz,1066712515097300992,ğŸ§šğŸ¾,17 | les,
BRIANPFEIFFER19,1194572873098092544,BOMICHAEL'S FRIEND,worldwide ,
Zomgruler,56949601,J-Ro,Oakland ,
paxamdaysbot,797862504080744448,â€¢,lyrics may not be accurate,
reinhartshines,709909415282003968,nicole â§— misses tde,19 she/her,
T1MOTHEES,1409285305279172620,ath,they/she â€¢ persian 24 âš¢,
grady4reall,1259163119873638400,ğ“¢ğ™¤ğ™£ ğ™¤ğ™› ğ™†ğ™§ğ™®ğ™¥ğ™©ğ™¤ğ™£,No Way Home,
Ashey1101,4137441794,AshğŸ’›ğŸ¤,,
ManuelD51072342,890079749514469376,Omni man,New york city,
ArvindSh3tty,1287710217648496643,à¤…à¤°à¤µà¤¿à¤‚à¤¦ Shetty ğŸ˜,,
irinadxbla5,1561339238,Nikki,Two Meus ,
mommas_baby123,827768971319402498,Loading....,,
YELEN4T,1384399290496430081,hourly yelenat,yelena reading guide âŸ,
sapphicm3dia,1429647738787016705,sapphiccries,in women,
bielalm_,1272358710841675776,@bielalm_ âœ¨,"Salvador, Brasil",
ines_alysssa,695832790894538752,stardust â™ï¸,,
janetje33422351,906313361209602048,JanetJcrafts,,
tomhollndlatam,1393220411702317057,Tom Holland LATAM,ğŸ“ LATAM,
BuhardiMarvel,889601188324356096,âŠÛ La Buhardilla Marvel âœµâŸ #WakandaForever,EspaÃ±a,
jessicatreidxs,1279202005253324803,lari â˜¾ ğŸ“– the wool,"MacapÃ¡, Brasil",
Kiwi_arts42,1283130357647319041,kyle,,
widxwsc,1372966049784664065,lurdes â§—,she/her,
arabellalights,1385208238480703494,lau,,
clintnats,279573510,alyssağŸ§£hawkeye spoilers,25 | she/her | @alyssagifs,
clintasherson,4027974622,â§—â³ shels: hawkeye era â³â§—,she/her,
kaletlin,1297681163419443202,caitlin,????,
Ignacioboushh1,60706665,"Bob Vance, Vance refrigeration","Scranton, PA",
taylorocha,275238916,Taylor Rocha,,
SeanColor,858835655480266757,Sean Color,"Hampton Roads, Virginia ",
LoriPerkinsRAB,102745456,Lori Perkins,New York City,
FireRManfred,275138259,Fire Dave Gettleman,New York,
Mr_Red18k,1099122659424645122,Spideyâ€™s Eternal Sunshine | BLM,Your phone screen,
Gariigg,1193523726861639683,Garig,16 - he/him,
glorutoo,1349557417,*,Konohagakure // NJ,
shrekfan3000,1362480735630856195,shrekfan taylor-joy,He/him/his,
natsvostokoff,926568315270467584,amber â§— misses nat.,21,
MegamanRA,1058180145763237889,MegamanNG,"Bronx, NY USA",
imaSEAwitch,2224480303,ğŸ§™ğŸ¼ğŸ§œğŸ¼â€â™€ï¸ Jonina ğŸ¥ŠğŸ”® áœŒáœ“áœˆÌŠáœˆáœÌŠ,"Boston, MA",
Gabriel2019JA,2634713792,GABRIELJORGELINNO,"Ensenada, Argentina",
DRMovieNews1,1110371982653227008,DR Movie News ğŸ“½,United States,
natsvostokoff,926568315270467584,amber â§— misses nat.,21,
majougari,2877875139,Ğ°Ñ‚Ğ¾Ğ¼Ğ½Ğ°Ñ Ñ‡ĞµÑ€Ğ½Ğ¸Ñ‡ĞºĞ°,,
raphaeelroa,4884258552,-R-ğŸ§£,In a dream,
niiicolleeee27,2909012604,nicoleğŸ¬,,
norgliostro,1041534148198846465,ğŸ§ÛDeemothradamusğŸ¦‹ğŸ #BroncoHenry'sSaddle,she/her in Sanctum Machina,
mischiefwidows,1565072778,jac frost âœª,she/her // 22 // 18+,
BobbyLSinger,965240655554535424,RobynZ,"New York, USA",
ClintonRomanoff,2461141921,Isadora Darcy,,
libertyproww,926281080268840960,Liberty Pro Women's Wrestling,"Tennessee, USA",
LibertyProWres,264307592,Liberty Pro Women's Wrestling,"Tennessee, USA",
beeflessburger,3423707385,ğŸ”ğŸ¢,my name tony(any pronouns idc),
SpiralSine6,938188370097958917,NickG17,,
habbottreviews,1353462278889336832,Harry Abbott Reviews,He/Him ,
PressureZone,793191403987857408,Cartel Of One,England,
cerviydae,931535253742673921,Adin,,
SeanPVS101,800028629812002816,Seanpvs101 ğŸ§©,"Naples, FL",
sapphicrambeau,1086668603934543872,rena..HAWKEYE SPOILERS,minor/she/her/white,
picremus,1434681696570560520,Ö´Ö¶Ö¸,,
seyed_edris,1401891866166149124,ğŸ‡®ğŸ‡· ğ™´ ğ™³ ğš ğ™¸ ğš‚ ğŸ‡®ğŸ‡·,â€Œğ™°ğ™·ğš†ğ™°ğš‰ğŸ°,
xameliaxkx,1341539569452408836,ameliağŸ¤¸â€â™‚ï¸ ( HAWKEYE SPOILERS),United Kingdom,
NATR0MANOVA,1435145793627770880,natalia romanova lovebot,,
ErinxCates,1023287944029908992,Erinâ¤ï¸â€ğŸ”¥,22 | she/they | FL,
zmwsill,1450629949568819204,Ù‹,only zayn,
backtcdcember,731625001070276608,belÃ©n,she/her,
WidowAssemble,708298770262450177,Natasha Romanoff Black Widow â§— // Radiant Parody,Â° Classified Â° ,
YELEN4T,1384399290496430081,hourly yelenat,yelena reading guide âŸ,
KatelynnTorskyy,704026573632999424,ğ¾ğ‘ğ‘¡ğ‘–ğ‘’ğ‘’â™¥ï¸,ğŸŸğŸğŸ˜â›°â˜ï¸ ğŸŸğŸŸğŸğŸŒµ,
exwifenews,1255039838,my ex-wife,,
llorebuffay,1363210515665858566,Lorena Eilhart ğŸ¦‰,,
karenhaigh24,1421941272646930434,KarenHaigh,"North West, England",
ThanosTraphouse,1457560298488045571,Thanos Traphouse of Memes,,
MARVELFANSUNI,1106855653409206272,MARVEL FANS UNITED,Earth-616,
sLuuugZz,25775299,Scones,Ontario,
casifreaks,1243267860358717442,Casi Freaks ğŸ¿,Colombia,
NewsMarvelPL,1396128652732026881,Marvel News Poland,Marvel Cinematic Universe,
ErocosplayAsian,1433366180987740163,Erocosplay Asian,,
andrea_gori7,864193256606679040,andrea â¤ï¸,MÃ©xico,
McGivernC_,1083275528029786113,Charlie McGivern,Manchester,
adafiIms,1311055947482173445,â¦,,
factfinder_all,1268614401562681344,Fact Finder,United Kingdom,
conversegyus,1168899635491950592,rory â™¡s chungha,all + star/xe/bun/bug,
Kakashi_DX,1285093553832697857,DX (17 daysğŸ‚ğŸ‚ till day of birth),,
Greymarvin_,1163420386123485184,GreySpeaks,,
psychosisaddict,1279198441629814784,JON â˜­,,
SayzWut,565987647,Noneya Biz,,
edwardsromanoff,1312631696525647873,liv â§— hawkeye era,she/they,
ellxprincipito,1266719382778118149,Nick âœª Hawkeye era,He/Him ,
SamCrow8700,1354945136908619776,SamGammaRays | Hawkeye Era,Arizona USA,
ChaseRazor,3277837459,Jolly RazorRex is Hyped for JWCC S4,"Grand Junction, Colorado, USA",
METALSHOPROCKS,62614071,METAL SHOP ROCKS,"Toronto, Canada",
BayouCDJR,1430631830886227977,BayouCDJR,"Laplace, Louisiana",
AbujaRock_Com,714681248,Abuja Rock Nigeria,Nigeria-Africa,
HarryWi33176078,948967546929205248,darkblade ğŸŒŒğŸˆâ€â¬›|hawkeye era,Boiling isles,
BackoftheHead,104323232,John Orquiola,"Los Angeles, CA",
nkhwaps,1228990806356353030,BOOMER,,
remnjunhuang,1439534276517646336,Jo,dream 00l,
gaonthinker,1464602533192732680,ğŸ¸,18,
itsspector_,1084994486198063104,ğ‘º ğ’‘ ğ’† ğ’„ ğ’• ğ’ ğ’“ â˜¾,Ele/dele,
alexis_m1209,717005629081198592,ğŸ‡¨ğŸ‡· Alexis Moreira ğŸ‡¨ğŸ‡·,"Florida, USA",
Suko_Shock,1348198103430651904,Suko,Crystal,
Knewz_Currently,1420660507,Woody,"Va Beach, Virginia",
johntylerosborn,1639133528,J.T. Osborn,"Los Angeles, CA",
venom0804,1012207700334215168,á·á†á¢á»á¡á†á áªá¢á¬,Somewhere or other,
Kurindal,2466158948,TruxStop,"Atlanta, GA",
NATR0MANOVA,1435145793627770880,natalia romanova lovebot,,
artofromanoff,2718656638,xandra,spain,
Alexromval,546295792,Alex Salvatore ğŸ¦¸â€â™‚ï¸,"Madrid, Comunidad de Madrid",
WhatTheySayBot,922442586224197632,What They Say Bot,"Florida, USA",
iamKENNYROY,30426219,Kenny Roy,"Manila, Philippines",
ali_kozuch,268932540,ali ğŸ’,in the stars,
hawkarcherie,1464071543978266625,â€ â€ â€ â€ â€â€â€ ğ’ğ’Šğ’”ğ’” ğ’ƒğ’Šğ’”ğ’‰ğ’ğ’‘ â€ â€ â€ â€â€â€,"i might be young, but i am good. i know what's right and what's wrong.  and if you give me one shot to show you how hard i workâ€” i won't let you down.",
BBYYATUSABES,751997214,bby â˜†,United Kingdom,
KathrynGeeksOut,1039672682856554496,Kathryn is âœ¨always tiredâœ¨,"The High Ground, Mustafar",
iKenny_J,845049410941804545,Kenny J - Fâ“¸,"New York, 117A Bleecker St.",
Kezebre1,1426989226734800898,KezebreÅŸ,,
myenoxx,1392410715869388804,Eno,,
RealScreenGeek,3233508981,ScreenGeek,,
GeekZoneGZ,713774689269768192,Geek Zone ğŸ’œğŸ¹ #Hawkeye #SpidermanNoWayHome,,
TotalMessista,1412849834067857408,TotalMessista,,
YELEN4T,1384399290496430081,hourly yelenat,yelena reading guide âŸ,
cinesinspoilers,1463772738045325313,"CrÃ­ticas Sin Spoilers. AnÃ¡lisis de BD, 4K, DVD.",,
x_tesfayegrande,1077262877281710081,X,ÇnuÇÊŒÉuooÉ¯ÊÇuoÉ¥,
FaveTomStan,1375924537045487625,YOUR FAVE TOM STAN GOT NWH TICKETS,,
aiyazawastudent,1153754921336004610,angel,19 she/her intp,
SpiderMan3news,1315979892954214401,Spider-Man No Way Home News And Countdown,,
spideysnews,1328198527906840576,Spider-Man: No Way Home News,,
sinnerward,1004652758652219393,p,,
aniahs_,1097532930027544576,yna,,
sithlordcx,1331886594316529665,cx (beto '22) is watching Fear The Walking Dead,blk girlâ€¢21,
dzuuun,1238597773,Yrrej Dzun,"90 Bedford St, New York, NY",
LaenFFXIV,712257641003786245,Empress of War,,
maneskinKTM,1347528932355047424,hayley âœ¨,"Sydney, New South Wales",
SalaciousRum,974921467161870337,Salacious Rum,"England via Jungle Ave, Kowak",
SalaciousRum,974921467161870337,Salacious Rum,"England via Jungle Ave, Kowak",
shivsdream,1103040993941749768,cindy's gf â™¡,she/her // BLACK â™¡,
Conortroversial,544185890,bussy summers,London,
brtzf,1396422299075633153,beatriz,20,
dj_alba_nalo,995127464,DJ A L B A N V L O,Namibia,
wooriverse,1098565291695468545,urlatteâ˜• ia,,
marquee_report,1360057250455445505,The Marquee Report,Atlanta,
Prototype_Ti,113199406,TÃ­ Who Remains ğŸ‘‘,D{M}V,
robnhoodNL,1271624324601073664,RobnhoodCast,,
EmmaWilson120,801823935922917376,Emma Wilson,United States,
lifeflipmedia,334706995,LifeFlip Media,"Portland, OR",
elfuckedera,1386896179800121344,heenim's ğŸ’,,
Jsvb43484591,1321832577951563779,Jsvb,,
theluckyman,7228352,Jason S â™‹ ğŸ‡ºğŸ‡¸,United States,
MovieOrama,1123117357,Pubdo,,
IWASTHELYGHT,1390570403295375363,Christan,,
Variety,17525171,Variety,"Los Angeles, CA",
halosheather_,1275146187771801601,tam,,
TallyMichelle4,1414253006640537603,Tally Michelle ğŸ¦ğŸ¤—ğŸ˜˜,On the ğŸ›‹watching a Movie,
kristenkbates,2980825535,Kristen Bates,Hoth ,
Bengiamino,275047263,Bengiamino Bottone,Bologna,
I_JEDI,22583066,Jeff,"Baltimore, MD",
pete_hennessy,528857874,Pete,UK,
SoulwellPublish,349796740,Soulwell Publishing Group,,
itmlyricbot,1284167200912420869,in this moment lyrics,,
MelancholyElk,1191673887613956096,Semi Skimmed Liam,"Washington, England",
clintashabot,1390677210508390408,clintasha quote bot,"Budapest, HungrÃ­a",
loudmouthjulia,369629573,julia alexander,Brooklyn,
EmeraldxArcher,1406423614572875778,ğ‘¶ğ’ğ’Šğ’—ğ’†ğ’“ ğ‘±. ğ‘¸ğ’–ğ’†ğ’†ğ’(ğ‘¯ğ’ğ’”ğ’‘ğ’Šğ’•ğ’‚ğ’ğŸ¥),Star City,
pandapanther21,1428390360493875200,Panda,,
TTHOOM,24373473,Tim Terrell,"Rochester, NY",
protovybe,1340420659793567744,Gullah Gyal E,the setting of the sun,
buchananswitch,1452341304923508741,lauren,,
Itsgaetandanmit,39198376,GAETAN ğŸ‡­ğŸ‡¹,LOST,
JimVorwald,15506149,Jim Vorwald,Hoogvliet,
Robbins17Chris,1934915095,Chris Roberts,"Missouri,USA",
danza_kuduro8,1257608961827778561,gabi,Forks,
conversegyus,1168899635491950592,rory â™¡s chungha,all + star/xe/bun/bug,
stillman_sean,772850038523498497,Sean,,
anthmackingames,1358547929825476611,anthmackin ğŸ®,,
ferrarimanf355,15845571,Alex,Three Seven Speedway,
OptimistPrime99,902603451850522625,OptimistPrime99,,
lolagbenjo,1425512969367080970,Lola Gbenjo,"Woodstock, GA",
DoctorAngus,60395847,DoctorAngus,"Philly, PA âœˆï¸ Taipei, Taiwan",
myp28850,1093337942,Marcos Yedres,,
rizzard2022,1286854280,Ryan Amador,"Jonesboro,Arkansas",
YELEN4T,1384399290496430081,hourly yelenat,yelena reading guide âŸ,
AndHalibut,1287199822731239424,Pancakes - Comms Open,,
dajmioddech,1449124126367653893,nieumiemzycbezciebie,,
LYHPRIDE,1276786109242982409,Ù‹ kinda ia,stfu motherfuckers,
buchananswitch,1452341304923508741,lauren,,
korgaron,984784023141666816,Altimett Pauer,Essen,
TSGIF12,1142757652616712193,Team Scarlett,"BlackWidow July 7, 2021",
armjamlee,398409366,Save Thesinner,Toronto,
dynamightsimp,1225607344052039681,ğŸ„â˜ƒï¸Caput Draconisâ˜ƒï¸ğŸ„,next to her ,
LegitBobbyHill,1392084874861887488,Bobby Hill Longhorns are 5-7 (3-6)ğŸ˜”,"Arlen, Texas",
martecomplicado,712306916169555969,Saraaâœ¨,Sinnoh. ,
SalaciousRum,974921467161870337,Salacious Rum,"England via Jungle Ave, Kowak",
HogWhisperER501,1537148120,ğŸ—ğŸ—ğŸ—ğŸ—Big WhispyğŸ—ğŸ—ğŸ—ğŸ—,,
Griefweaver,1376973060260175875,Yakthzxhos Nichiouji,,
sweetyredvelvet,1207884255742713856,mithaa,,
RandomReduX,38202591,Rando the Snowman,,
brenda_heard,2463630362,Brenda Heard,,
NainHuamanii,872775342,nain â˜»,Argentina ,
ApxLoki,1452540679645646851,ğŸ–¤ApğŸ’š,"Gravity falls,Oregon.ğŸŒ²",
isaacikeda,1194935504032059393,shannon,he 21,
geekritique_dak,1516914829,"Dakota, Timeline Critic","New York, USA",
NECTAR0FTHEGOD,1428019993233563648,YANG.mp4,,
marloveshstyles,1441197200592150533,á´á´€Ê€ğŸˆâ€â¬›,ğ‘ğ‘¢ğ‘‘ğ‘ğ‘ğ‘’ğ‘ ğ‘¡ ,
DCFansUnited,2837701390,DC Fans,"Nueva York, USA",
epicdave2001,1396920646039392257,David,,
RachelStuhler,348036406,Rachel Stuhler,,
_Dunka__,1198576862169051137,TÃ˜Paganda | jebaÄ‡ sony era,Trench,
moonhatake,1073676333606191104,BaRN,he/him,
SomeKirbyFan,884525446557302786,Carlos,the swag dimension,
BigC1iff,929154342069915649,Cliff (Reacts),Ya Mom's house eating waffles,
SladeGrayson,1177999332265607168,Slade Grayson,,
smarkatahipiska,1291694416089042944,JaskÃ³Å‚ka,she/her   ,
Thheine1,1342756131886813185,TN de Querelle(s),,
copyrovers,1086629069293273089,ivy -173, evermore ,
beeduoluvsyou,1342269967656394752,ace | selfie ğŸ“Œ,he/they/end | minor ,
samflwers,1346478852269166593,sam,a/ela/a,
GodSavemilitao,1033691632238043137,115 || 799,,
williamschurros,896937712825061378,ğŸ‘½smerdyakovğŸ‘½ â€¼ï¸ blm â€¼ï¸ fuck the founding fathers,those two guys hell,
merlinpapin3,4192878795,Merlin Philippe,"Paris, France",
jimmy_rahul,157628256,Rahul Shanker,New Delhi,
wvrthy,154381127,Chelsie,Connecticut,
ai_curio_bot,1436000344249540614,ai_curio_bot (NO CUSSING),Queue: 11,
TheJaseFiles,984783764692795392,Jason Fenty ğŸƒğŸ‘»,Barbados,
noreelshani1995,1393586409710276609,noreğŸ’œ,Deutschland,
DANIELRAYBLOG,736008429676994560,ğŸ¦‹,internet,
DaDFC2,473709540,Sailor Hoochie ğŸŒ¸ğŸ‡¬ğŸ‡¾âš¡ï¸,yo aunty house nyc,
friendly_sushi,1415539544686927873,ã™ã—ã‚¤ãƒƒãƒŒ,,
edwin__thomas,1039731453943316480,Edwin Thomas,India,
NATR0MANOVA,1435145793627770880,natalia romanova lovebot,,
vivi_a_vivi,1260690756722974730,kolka à¥ª hawkeye era,sheÂ¡!her â€¢ 03 â€¢ isfp,
Sebasti57646082,1243221115176181761,Doomerguy,Uio,
stevenatbot,1415704950420742150,stevenat quote bot,,
YTisdying,860611838001721345,â ï¸,,
frankrxII,256032415,Norhisyam Hasim,"melaka, malaysia",
PanObrien7484,1463846384843505666,â€ğ‘¶'ğ’ƒğ’“ğ’Šğ’†ğ’à¼†|ğŒğ‚ğ”|à¼†mral v2,,
AZPest,37577719,Arizona Pest Control,"Tucson, AZ ",
Chaosruler21,262905113,Chaosruler | Boss | Adam ğŸ’š,"Maine, USA",
untitledblue,589743878,ğŠ. | artbymakade ğŸŒ¸ - packing KJY kit,Commission Closed for 2021!,
sarkoas,1460306493920604168,Rafkaa,he/they,
YELEN4T,1384399290496430081,hourly yelenat,yelena reading guide âŸ,
BillybugNews,1115036268298219520,BillybugNewsCentral,,
Chanell_Q,409362998,C H A N E L L,Nowhere and everywhere ,
Snowx2k5,19236709,SnowX2K5,,
halogod1755,737106393124065281,YoursTrulyHalo,,
di__tir,163472892,Buscado,villa dominico,
DrCireErdna,4382937733,Cire Erdna,,
romqnovas,1310661557190361089,carmen,she/her ! 18 ! âš¢ ,
SHIELDZephyrOne,3134622627,Son of Coul ğŸ‡ºğŸ‡¸ ğŸ‡«ğŸ‡· CinÃ© & SÃ©ries ğŸ¦ ğŸ“º,âš ï¸ Location: Classified âš ï¸,
bluewolf3115,786252927820115968,Matt Austin,SSV Normandy,
hiccupingjoe,1179746587653951489,ğŸ ,she/they/he | 18 | lesbian,
Bloxxer1412,1439051260154552320,Bloxxer14,,
taylorpbuh,1464078927312429056,ğŸ’•abduIğŸ’•,,
xcxsuspended_,1465293646283128835,ğŸ˜º,,
Immmadelethis6,1465661559020085255,Elizabeth Thiry,,
THEdaisjha_,230947611,dÄi,"souf jxn, MS",
ButchHc,1365072332692353028,ButchConard's wife miss' President Trump 2024,"USA,MI   America first MAGA! ",
swaggybaggys,1190673170937847809,gabğŸ— listen to ğŸ—,shannon: ì¹˜í‚¨ ì‚¬ë‘í•´,
loize,14153956,lou (taylorâ€™s version),"Amsterdam, The Netherlands",
AnghusH,1080233670517112832,Anghus,"North Carolina, USA",
druigdeaIer,1436024763349016611,indrani,she/he (only),
loggie6424,1449412635309613063,Renaldo Bisnath,,
AlpaslanTopouz2,2226895288,Alpaslan Topouz (he/him),New Genesis,
oopswika,907628104079855617,Wiktoria â§—,she/her,
AllhailAaash,31067047,ğŸ‘¼ğŸ˜ˆğŸ––âœˆï¸ğŸµğŸ¬ğŸ“šğŸ’ƒğŸ¦, my Inferno,
wxnwrites,1434589711197114368,4C | little red â§—,mcu | filo ,
captainswidxw,1124488834622693376,elissa is ia,abels crib ,
insomniac_klarr,1444783908680310788,Klarrissa || no event ||,Denki's heart (she/her),
RedHatMeg,4713085948,RedHatMeg,"Varsovia, Polonia",
isiriuslyluvlwt,1251838076084772865,L ã‹¡,she Â¿ they ğ“†©*ğ“†ª 15,
NATR0MANOVA,1435145793627770880,natalia romanova lovebot,,
wizavengers,1098207976165425152,Stream sogni al cielo e tra silenzi (Roma)â€â§—,,
blissfluff,1459206013848981587,zara,,
turkish_kiiiz,1320107048860897294,Moi je-ğŸŠğŸ´â€â˜ ï¸,Marvel,
KimWilliams201,1180242051386003456,Kim (Taylors version) art in ğŸ“Œlesbians follow.,she/her,
_gabrielmso,921078521807634433,Mimi,"Corinto, Brasil",
exclusivegloba3,1382028946754072587,exclusiveglobalnews,,
HaizEsque,623154395,Dan ğŸ¹ğŸ’œ,UK ,
metal_millitia,797378079752491012,DEATHK@EETFUK,"UNDER RED MOUND ,TOKYO ",
Avxni4,1424223803173871616,ave/ANAKIN AND ASHOKA REUNION,Asia,
mattbrinkleeey,1206537511,Matt Brinkley,"Parsonsburg, Md",
clueless_cow,1595448379,Clueless Cow,Channel LinkğŸ®,
britellism,320732475,"kat, kendally ill",,
cxptainflint,2484512214,the mechanic âŠ comms open,22 | she/her | \\Â·.âœ­.Â·//,
RemusunDolunayi,1426879333075988480,RemusâŠî¨€,Penbe Bi MezarlÄ±k,
YELEN4T,1384399290496430081,hourly yelenat,yelena reading guide âŸ,
vdovanoir,1281388589734076417,Â­Â­ Â­Â­Â­ Â­Â­Â­ Â­Â­Â­ Â­Â­Â­ Â­ * .. lexi .áŸ Â­Â­ Â­Â­,"â˜ï¸    any prons . / black widow & iron man lovebot . â˜† part - time roleplayer, fulltime adrien agreste parent . ã…¤ã…¤ã…¤ã…¤ã…¤",
flickerofEVANS,3035171428,kiviaâ™¡'s madzia|hawkeye&nwh era,cevans' arms,
fauxlamour,1001854631281078272,emeline Â¦ belova-romanoff ğŸ„,maximoff â™¡ barnes â™¡ she/her ,
SoulwellPublish,349796740,Soulwell Publishing Group,,
yoqngbok,1456053627806629891,Yongbok #ChristmasEveL,ASYLUM with SourireÃ¡.,
sunnwuo,1405530542158671879,SW.,Yeji completes me.,
FinderAction,1395383002683920386,ActionFigureFinder,,
imsebstn,879294480876158976,Sebby,ENG/INA | SND. ğŸ”,
wooriverse,1098565291695468545,urlatteâ˜• ia,,
delreyprfct,1432339547254362115,gi à¥ª âŠƒâˆªâˆ©âª½,"melodrama, track 5",
_warriorthor_,1448173810134523905,Sal (Agatha's protector)| Hawkeye erağŸ‘ï¸,,
soundtrack1000,841503888641413122,æ–°ç€ã‚µãƒ³ãƒˆãƒ©CDæƒ…å ±,Amazon.co.jpã‚¢ã‚½ã‚·ã‚¨ã‚¤ãƒˆ,
lovequinnswife,1897017997,~,they/them | 18+,
tchalamethegoat,2603995761,seabassâ˜» à©ˆâ™¡â€§â‚Š,United Kingdom,
sf27me,1518740899,Kaineki Ken | Cek PIN,ngekosple jadi warga fesbuk,
rohannsharma,1233483875420180480,Rohan Pankaj Sharma,,
newsvata,1237006829474869248,Vata News,Uttar Pradesh,
samacharnews_in,127185408,Samachar News,,
sarixx25,700334283542630400,Sarix,wwa,
TheSahuNews,1276495633520754689,Sahu News,International,
rhapsodyloki,997395925915000833,Amy,Australia,
FutureProTech1,1117733136769662977,FutureProTech Official,"Islamabad, Pakistan",
almakatsu,26325859,Alma Katsu,,
broken_social,705112085051547648,Broken Pictures,Northwest Arkansas,
MrRando12345,1464160032220762115,Mr. Random,,
Xi_fak3,1024857567992926208,JosÃ© InsufribleğŸŒ¹ğŸŒ³,"Temuco, Chile",
Wockameshi,2877433364,Shemar ğŸ…ğŸ¿,"Austin, TX",
Gks0k,909357694078865408,Rosi GğŸ´â€â˜ ï¸,,
QUEENMXSURA,2751294045,ğŸ•·ğ•»ğ–†ğ–šğ–‘ğ–† â§—,"Wisconsin, USA",
Dilan_Smithee,786401834860617728,"Dilan ""Christmas"" Smithee","Los Angeles, CA",
Heap41928101,1437151992984580103,Heap,,
ReturnOfTheKlay,231960824,Antonio De Armas,Paris,
HoneyandSmyths,1013702748259250177,HoneyandSmyths,"West Palm Beach, Florida ",
LunaticPlayerFR,719318603946991616,LunaticPlayer,France,
NATR0MANOVA,1435145793627770880,natalia romanova lovebot,,
Laspaa1,871691927636381697,Lasse ğŸš´â€â™‚ï¸,,
5Kiws,1286038326189883395,ğŸ§¡,She/her,
Shanuverma405,1440974939691966468,CINE SPORTS,,
BenAKAGet,140792802,Lord Ben â˜ï¸,,
SOVlETWIDOW,1426953833788420098,Ù‹,â €â €â €â €â €â €â €â €â €â €â €â €â €,
YELEN4T,1384399290496430081,hourly yelenat,yelena reading guide âŸ,
Toms_OTR,1257521746388766720,Tom's Noir Old Time Radio,,
DPowerfully,1102923488929697792,DR.king powerfully,,
BillieBanner0,1254884386245353479,âœ¡ï¸ Billie â€âœ‡,INTP 5w4 | unlabeled | white,
SoulwellPublish,349796740,Soulwell Publishing Group,,
queen23_selfie,1372620112340025345,selfie queen23,delhi,
wwwcurrentnews1,1332941354586886144,www.currentnewstv.com,India,
Knewz_Currently,1420660507,Woody,"Va Beach, Virginia",
DoubleJPlays,114626672,Double J Plays,Australia,
hnfzlll,2942893316,Hâˆ†N,"Johore, Malaysia",
bitdadari,306148076,nğŸ,,
sarang143u,773485929969414148,Sarang Pokhare,"Hyderabad, India",
st9rboy,1353806785,Pao,he/him,
TheDailyPres,1438558710440284162,The Daily Press,United States,
Sundar9122024,1100366293352378373,Sundar,kallidaikurichi ,
FD_StoltSvensk,1005069879886729216,Vilks ğŸ‘‘,,
daveeda_jane,1421896033248894980,Daveeda Jane,Estados Unidos,
romxncva,1432861455942967305,lei â§—,she/her,
94HornyHrry,1379134765320835072,vodka alla mentağŸ‘©â€â¤ï¸â€ğŸ’‹â€ğŸ‘©,"â€”for every question why . . . .
                    home , , gÂ³,a,lÂ³,c,mÂ²,sÂ²
        ğŸ”for my soulmateâ€¦I found grace&harry!",
HGHWAYTOHCLL,1395499942299541508,"ğ™ƒğ˜¼ğ™’ğ™†ğ™€ğ™”ğ™€, ğğ¢ğğ­'ğ¬ ğğ¨ğ²ğŸğ«ğ¢ğğ§ğ.",ğŸ¹â™¥ï¸@QUICKSILVEX ,
AndyVermaut,283604227,Andy Vermaut,"Diksmuide, BelgiÃ«",
vivi_a_vivi,1260690756722974730,kolka à¥ª hawkeye era,sheÂ¡!her â€¢ 03 â€¢ isfp,
Carmancva,1465306517297635339,Comfort for peggynaties,,
mcutimes,1388527425001189376,MCU Times,USA,
Tellywood11,1352993960088772609,Tellywood,,
didicco,41441202,Diganme_Di,,
fonr_v,726564164433485825,Field Of Nightmares Radio - Classic Vintage Blues,"Dyersville, IA",
DEADLINE,586032653,Deadline Hollywood,"Hollywood, California",
dmrj0928,761327904,DRJohnson,,
nemorosumm,1434275788833046534,sir.,Everywhere but Nowhere ,
cathayan,6131682,èµ¤é“ğ”¹ğ•£ğ•–ğ•–ğ•«ğ•–,Singapore,
wirelessriot,17591599,Mande | WirelessRiot - 5G and Spicy,,
pmbontrager,22757869,Patricia Bontrager,"Wakarusa, Indiana",
Iuapkan,1417483023302504456,@Iuapkan,Dnff,
kayaanbedi,871378894762393600,Kayaan Bedi,,
mygiqntbabyy_,1268034379864870912,ala,,
techaai_tech,790004195181101056,Techaai,,
raindryx,1250031916075511810,raa â€” kinda ia,she/her,
abditorri,1359918565705408514,ameterasu,infp-t ; she/her. ,
Howmanycrossov,1454121076984844294,How many collabs more Will make fortnite?!!,The last reality,
KarmKing001,1409151776549388296,ğŸŒ™ karm king ğŸŒ™,The Universe,
ZiieRadebe,1358782727106015233,Ziie. âœğŸ¿,REThekwini ,
pughcraze,1422460414789570562,â™¥ï¸MARVELMANIA,,
ErocosplayAsian,1433366180987740163,Erocosplay Asian,,
lazygeniusxa,2604826010,ğğ§ğ©ğ¡ğ¨ğ«ğ¢ğšâ·,Indonesia ğŸ‡²ğŸ‡¨,
elmonilo,1460891421842366481,L,,
endipayah,1251101835168894977,kuncirrambut_blackwidow,"Jawa Timur, Indonesia",
MyGoochlsFat,1457762981903683588,hi,â€” wherever,
McAwsome_n,181858764,âœ¨ ğ’©ğ’¶ğ’¹ğ“ || Scarlett noticed me âœ¨,You never know,
YELEN4T,1384399290496430081,hourly yelenat,yelena reading guide âŸ,
TheElevateState,1342100158977335301,Comet ğŸ™ğŸ¿Chaser,The Spaceship,
Pistashe007,846491312,LhÃ©na,"Montpellier, France",
thisissnufkin__,811919358301614084,Chiinu Swami Muttu Swami VenuGopal Iyer,TIMRO MUTU MA,
Manhart29956418,1368905878250864642,Que ton,,
ryanaustinf,42608227,Austin Fernandez,National Capital Region,
ningzey,1348672001339084802,jay,,
rosesnchz,103267512,ğ™§ğ™¤ğ™¨ğ™ğ™š,MNL,
wgtc_site,160664621,We Got This Covered,USA,
delgado709,2437565181,christianâ·ğŸ§ˆ,"Pennsauken, NJ, he/him",
taexmiin,224975432,hb kaeya â„ï¸,^â–½^,
MRossmcguire,1415862603977482240,Seventh Law,"Canandaigua, NY",
stvebckyrogers,817650310835421184,eÅ‚ena ğŸ„,she/her | southasian | 21,
Born2TeasexXx,2835317789,Born2Tease Official Account,London,
nsfwmarvelbot,981315669080846336,marvel bot,,
TheGespenst,3814848802,Gespy,,
SeaShellApp,1265879857096830976,Sea Shell,,
losteltanin,713557345817600000,"ğ‘¹ ğ‘¨ ğ‘¬, a gamma draconis",pale blue dot,
lizziepughmcgra,1407948475778486275,Azzie á—¢â§— nikatie child confirmed,,
blackksaiyan,3957879748,Black SaiyanğŸ”¥ğŸ’ªğŸ‡¸ğŸ‡³,PlanÃ¨te Vegeta,
Dragons_Fae,744364893487276032,MysticaFae ğŸ‰ğŸ‰ğŸ‰,dragonsfaebusiness@gmail.com,
rhapsodyloki,997395925915000833,Amy,Australia,
Niteling_,1427377669612589057,Niteling,Australia,
KisameHolmes,1285592873317130240,Kisame L. Holmes,127.0.0.1,
kingtubby1Oz,396916684,Myles George,MaliCentreoftheWorld,
realwesleywess,21067794,Wesley L.,SF,
ireadsyou,311219545,Leroy / Negromancer / I Reads You,"Eunice, LA",
KezAFC,219102192,Kez,,
YELEN4T,1384399290496430081,hourly yelenat,yelena reading guide âŸ,
bruhboi4247,1418856146715254787,bruhboi4247,internet,
cake____1214,1456993112388435971,ğŸŒ¹ğŸ­ğŸ‘,,
stoopiditisyet,768048890587131904,.,ğŸ‡µğŸ‡­,
bkenes,214544700,Bulent Kenes,,['TR']
widowgranger,1389217503524524036,RosÃ¨ ğŸ’œ,malfoy manor ,
BoydChardonnay,1080611321119305728,Chardonnay Boyd,"California, USA",
LSFernandez12,777733362,573Gre-C,,
flotasco,760180886331678720,Flotasco,,
dailyromanova,1381237433577115651,Ù‹,she/her18 she/they 17,
mikegiustini,3064768372,Michael Giustini,"Laval, QuÃ©bec",
bekahfromearth,3387787617,dr mantis tobbogan,Scotland,
AndrewStyle3,1300060520205225984,Andrew Style (Salvador),"USA, California",
velxetanxel,1381850581506068481,suzanneâ³hawkeye & dickinson era,,
McGoo1888,371175957,McGoo1888,Nairn,
LSTweetBot,1374796586195161091,m1cahLS Tweet Bot,The Junkyard,
McGoo1888,371175957,McGoo1888,Nairn,
jersey_jrod,736031288495247360,Jerson,"Houston, TX",
jizuzuka,784498519,Jizuka,CYBRZPT,
jammasterJAYE,1808707213,ğŸ¦‚ğŸ¦‚ğŸ¦‚,773.,
Saawen1,1303741801392635904,Saawen,"Hannover, Alemania",
oraekene1,1365232121418285057,James,,
jay_soto76,4910178353,jay soto,"Brooklyn, NY",
scarlettjo4ever,1420294686066028545,Natasha â§—,,
YELEN4T,1384399290496430081,hourly yelenat,yelena reading guide âŸ,
RussianAvengcr,1132830806651658240,Natasha Romanoff â¦,,
supabhova,870953466369331200,Cesaro foreverâœŒğŸ¾ğŸ¤,my ancestorsâ€™ dreams,
bikerlix,2934520839,Giraluna ğŸŒ»ğŸ€,"Rosario, Argentina",
chocbuttons1,435881476,My Monster Hat,"London, England",
Greymarvin_,1163420386123485184,GreySpeaks,,
OmarFPerry,1277716254497935361,Omar,,
BeleGunnar,627466713,Gunnar,"Man, Norrland",
ashcasiano15,4662546019,Ashâ£ï¸,"Houston, TX",
clintashabot,1390677210508390408,clintasha quote bot,"Budapest, HungrÃ­a",
Sohhton,1154421007500959744,virtuoso,Ø¯Ø± Ø±ÙØª Ùˆ Ø¢Ù…Ø¯.,
BigMadame_,1384635665971875856,âœ¨Satine âœ¨,Hell,
beer_filmnight,4256376988,beerandfilmnight,"Chertsey, South East",
KizMJackson,3280063382,Kiz Jackson ğŸ³ï¸â€ğŸŒˆ ğŸ³ï¸â€âš§ï¸â™¿ï¸,Wurundjeri Land,
adriantwitta,1282199385074356224,azzurro,Earth,
TitoBorsa,1045207930411323393,Tito Borsa,Padova ,
jesemipermeable,458675626,sharmaine,"Alberta, Canada",
Johnny_5757,1355094655751217160,ã‚¸ãƒ§ãƒ‹ãƒ¼ã€†ã‚¨ãƒ«ãƒ–ãƒªãƒ¢,,
sirlanceloter,519382566,1148,,
KRUIsongbot,1412482460823212038,KRUI BOT,,
ScienceBotikus,1452689952018509828,Science Botikus,,
jslnrlln,1433332202280927237,Jas,"Chula Vista, CA",
MoviesClub9,1325706634304221185,Phimhay.club,"Ho chi minh, Viet Nam",
princedonavan24,1080270263978262531,Donavan (Donny) ğŸ‘‘ Prince Joker,The House of Hades,
youvoteikiss,1323906962778583063,à¸­à¸¢à¸²à¸à¸à¸´à¸™à¹€à¸™à¸·à¹‰à¸­à¸¢à¹ˆà¸²à¸‡,,
zeysbot,1423414817054986241,zey bot,michelle trend follower,
wasexplaining,1339527583738814470,New username,,
dzuuun,1238597773,Yrrej Dzun,"90 Bedford St, New York, NY",
bakausuii,1170531152408395777,pudding || Bigwin ğŸ€,mars,
CyrenneDon,1369744947406987265,VeteransRadio.ca Rock Station,"Vancouver Island, Canada",
mrveliaa,1461620220393521161,tahlia,aus,
cartjunhui,2945610277,joan,,
hhsgcbot,1327433743863308293,hhsgc bot,,
Dragons_Fae,744364893487276032,MysticaFae ğŸ‰ğŸ‰ğŸ‰,dragonsfaebusiness@gmail.com,
tiger99s,1422534640686882816,seboc justin,,
GOMovieNews,1691796517,GO! Movies,,
_redroomsoldier,1331559437102964739,ğ‘ğ”ğ’ğ’ğˆğ€ğ ğ€ğ’ğ’ğ€ğ’ğ’ğˆğ . à¾ƒ à¾„,ğ“ğ•ğ„ğğ†ğ„ğ‘ğ’..  âœ,
marvelowelove,813401728116736000,Hanka|Chalamet era,she/her,
aloymybeloved,824795961528512513,noelia,"she/her, ğŸ³ï¸â€ğŸŒˆ",
buckbarnesmcu,1424596176242765830,âœ¯Kaiâœ¯ Wilson Fisk's publicist,,
NINETIESWITCH,1279497892722610181,ValleyWitchâœ©,Spice World // 20s/ Pussycat,
natsbclova,1403534850943078400,lize,she/her â€¢ bisexual ,
figdatabase,1090018014576214016,Fig Database,,
SweetestLineage,1408270487365447680,The Man With The Sweetest Tooth Ã— Not @AdamColePro,,
1300AMIBABY,1034133768288784385,TOMMY,1300â¦,
3z3ki3ll3,905502051379146752,ezekiel,,
ScienceBotikus,1452689952018509828,Science Botikus,,
davoszkey,985055754943016960,ThÃ©rÃ¨se Dy-Davo,,
herasalander,772203398103900160,Hera,Avant-garde nowhere,
tomdayababy,1437271671623331850,eliâ™¥ï¸,,
krish_bhojwani,1308182522128248832,Krish,Link for my movie. CLICK IT,
lotusgdess,134572648,Best Blue State Kate,"Redlands, CA",
alvxadrenvline,1430342678483505159,xXGhÃ˜stiXxğŸ´â€â˜ ï¸,Metaverse,
Aaron_Lo_Skinny,37880722,Lo ğŸ‚,"Los Angeles, CA",
BlackwidowBot,1335861703859269633,ã¸ã‡ã€œã€‚ã¾ã‚ã€å½“åˆ†ã¯Razer BlackWidowã®ã‚ªãƒ¬ãƒ³ã‚¸è»¸ã—ã‹ä½¿ã‚ãªã„ã¨æ€ã„ã¾ã™w bot,,
alejandLS,1048393151197659136,Ale LÃ³pez,,
trinitycontrer3,3808376833,gucci.trinâ™›,,
NATR0MANOVA,1435145793627770880,natalia romanova lovebot,,
Rome05492790,1360331757522874370,ğ•½ ğ•º ğ•¸ ğ•°,,
kangsemangka,1267780006907752448,505,Land of Ooo,
YELEN4T,1384399290496430081,hourly yelenat,yelena reading guide âŸ,
monard_n,3344347505,proute,,
HumBadger,1087849890535727104,Humboldt Honey Badger,"California, USA",
Intro2PolSai,1386718286855884808,ğŸ³ï¸â€ğŸŒˆ Misty of Marvel ğŸ³ï¸â€ğŸŒˆ,She/Her/They/Them,
HackmanSanti,1266443997519609856,GingyBreadMan,,
bravobennyb,834434241500897280,Bravo,"San Diego, CA",
PodcastPlural,1345990254675693568,Podcast Plural,,
Vwid0w,1395629067064385537,V ğŸ’®,âœ¨she | her âœ¨bw thighs cultâœ¨,
Jackson23243304,1435446340167901184,Masterpoop2018 2 electric boogaloo,Bestie : @LillyOn14th,
girlasblue,1225472052863422465,ğ’œÃ—,,
AriSays_,205871162,Yung Arii ğŸ‡¯ğŸ‡²,"Baltimore, MD",
BigMadame_,1384635665971875856,âœ¨Satine âœ¨,Hell,
MykonosFilmFest,1355269559712886784,Mykonos International Film Festival,Grecia,
MPinnaOtero,1051417729,Mica,"TucumÃ¡n, Argentina",
moonsouliel,1265880429409624064,oriel, ,
roguegnoll1,964017715617980416,roguegnoll,"Dallas, TX",
bikerlix,2934520839,Giraluna ğŸŒ»ğŸ€,"Rosario, Argentina",
disorderlyswine,1013656510776336384,Scott,"Los Angeles, CA",
hmaecon,1051710935541473280,hanğŸ¦‹,"San Diego, CA",
thinkinbj,2462551770,benny alice in vegas ğŸ‚,,
MatthewTwihard,88296327,MatthewTwihard,"Another Galaxy, Not Yours ",
rushinmyveins,187578369,mandy ğŸª,MN â€¢ 23 â€¢ she/her ,
4881Act,1314857412956839937,ğŸ”¥|Arkrnk|ğŸ”¥ CW: Peak Fiction (Christmas Arc),being a Smartass ğŸ˜·ğŸ˜·,
CinafilmEspanol,893414677467848704,Cinafilm Espanol,"Birmingham, England",
cinafilm,4228094679,Cinafilm,"Birmingham, England",
DiabloBeige,839104513021788163,Diablo Beige,"Chicago, IL",
arrowbreakrr,2292597247,Ryan - Higher for hire!,"Western Australia, Australia",
Jayleejnr,2430887078,Tego Kaldurâ€™ahm,"Las Vegas, NV",
Melibeebark,1945801968,Lys,"Seattle, WA",
kisqh,1373257510446985226,ğ—·ğ—²ğ˜†ğ—¶,feel free to bubâ™¡,
c8aloo,400419942,cupcate,,
NATR0MANOVA,1435145793627770880,natalia romanova lovebot,,
donhall1967,245417129,Donald Hall,"Fontana, CA",
cards_nons,1456028517930442755,Non-Sport Trading Cards,,
ClaireMax,850421186,"She-Rage, Princess of Pain",Los Angeles,
Dragkonias,69204390,Ennui Go,Chicago,
paulstastu_,2440030634,Takeshi,"5'4""",
City2cityW,931971605009436673,City2City.WorldğŸŒ,"Baviera, Alemania",
AnaVC3007,1243475388422111233,AnaV,,
NYB4EVERY1,1397235417401995270,Tis the Season 4 Chillin Like a Villain (NYB),,
WrittenFlows,1216761698532626432,Written Flows,Where The Heart Is,
YELEN4T,1384399290496430081,hourly yelenat,yelena reading guide âŸ,
rycky_sanctur,3028323459,Paulo Henrique,,
SSSolomon9,703977450,Ssenabulya Solomon,,
Showtime_Shad3,2980130621,Mike Pancake,,
willard46,24492862,Insider Bowling Tips,,
pesdmg2016,4832588352,Diego Marquez,,
LosGeez,76161488,LosGeez,"San Diego, CA",
mrytrx,1059916128,panda,uic,
izzy_rubinson,1026946183468601345,izzy â™¡,"New Jersey, USA",
miss_spoonz,1459936971476905990,LB/Lizzie,,
Jdlazo,122280516,Jennifer Lazo,"Los Angeles, CA",
Noelbot1,826808549925863424,Noelbot,The Backward Zone or some shit,
imbrucetheshark,1733105724,Snail Down: The jolliest show on television,The Waluigi of this rap shit,
ainaazhan,308455040,Aina,Haziqâ€™s ğŸ¤,
joliesturco,1388772673069723649,sofia,she/her cbyf,
mlovesblackie,131313731,mar ğŸŒŸğŸ‡µğŸ‡ª,,
BigMadame_,1384635665971875856,âœ¨Satine âœ¨,Hell,
lexischanel__,816661148,Big Lexi ğŸ­âœ¨,Zone 6,
humanityisdoom6,1388516447622737928,Humanity is Doomed ğŸŒâš½ï¸â˜®ï¸,Tucked away in a hidey-hole,
gundry_heather,1308882920388481024,wild Heather photography,Film Buff.,
nsfwmarvelbot,981315669080846336,marvel bot,,
CamMC_SSB,836012809729159168,CamMC,Tantal,
black1widow2,1429852078227312640,Daddy Black â™ ï¸ Widow ğŸ•¸ï¸,Reparations BankğŸ¦ Tribute $50,
wlwbarnes,1352742014400528386,eggyğŸ¦·,she/they 17 black,
everytimebarbie,1061328789240770561,itsyğŸ§£,she/her,
twinkyyytaylor,720098859507126272,Wanda&YelenaOwnMyPussy.com,they/them â˜­,
Che_g0evara,1428942940852867076,Ú†Ùâ€ŒÚ¯ÙˆØ¦Ù€Ù€Ù€Ù€Ù€Ù€Ù€Ù€Ù€Ù€Ù€Ù‡ ÙˆØ§Ø±Ø§,ÛŒ Ø¬Ø§ÛŒÛŒ,
calebsislands,110853666,câ€¢aâ€¢lâ€¢eâ€¢b ğŸ„,he/him â€¢ 22,
ashleymtomphson,1142921757197840384,ashley,,
wereldjungwoo,1151882278882009088,nisss,Neo City,
PetrusSecundus,1203310042239373312,Petrus Secundus,Egipto,
Thele10,123659636,Kyle Thele,Chicago,
EspiaDeOfertas,1296138633284485120,EspÃ­a de Ofertas,MÃ©xico,
DandelionRootT,790211328,Liz Boo-jjaliehğŸƒ,,
AmazingKungFuCt,1621971096,Cthulhu ğŸ’›â¤ï¸ğŸ’™ - Vaccinate!,,
UKVapeDeals,3436617065,Support,United Kingdom,
ElvingJack,1076993169210966019,Revolutionary_Jack,,
missnwst,1448435421755715594,mia {ğŸ“–} to all the boys 2,"""it was real to me too""",
FangirlReveries,881649107827396608,Laura ğŸ“–ğŸ–‹,My Own Head Canon,
NATR0MANOVA,1435145793627770880,natalia romanova lovebot,,
jaketyrrell89,21928481,It Rhymes With Carol,,
MimiYepiz,920195785,Mim,"Arizona, USA",
maythevenus,867747188104773632,nev,ğŸ‡®ğŸ‡©,
ukvaporwaves,1071355914752544768,UK Vapor Waves,United Kingdom,
ChiromanGlass,2971387126,Ignotus Peverell,"Atlanta, GA",
Slavedogsss,1448931955144380416,Can,,
Widow_Black_,1329499796399403009,Mistress BlackWidow,,
ErenSupremacy_,1355672786430267394,Eren Jaeger SXğŸ’š,,
YELEN4T,1384399290496430081,hourly yelenat,yelena reading guide âŸ,
Vlad_Stakeumms,1109702256717369345,Vlad Stakeumms ğŸ¦‡,Transylvania,
julianwpaes,2858973110,Ö´Ö¶Ö¸,,
dtruig,1424688193375330304,jj. / druig au on ğŸ“Œ,she/her,
zspinkz,1381444951116935169,ğŸ°*Â·Ëšâ™¡ á´¢á´€É´á´‡á´›á´›á´‡ ğŸ’—,READ PINNED,
DiegoDigthree,771410083045634049,ğŸ¦–,En la chucha,
OC_MurphysLaw,19547996,Greg DeLacy,"Lincoln, CA",
daylightdwt,892901158238515200,angieğŸŒ±,she/they | 18 | ğŸ‡²ğŸ‡½ à¼„,
SaMEntrenador,541753921,Captain Sâ™ ï¸M,Gotham City...Turin ,
sunshiinee28,1287780961791483910,sunshineÂ²â¸|ğŸ‡¬ğŸ‡§ğŸ‡®ğŸ‡¹| welcome to my life,,
squidly_d,343087820,Sydney Lou Hoo,,
laneycanfield,30784061,Delaney Canfield,CLE âœŒï¸,
mirandaag_,576762989,miranda,626,
Sofinatalya_K12,1425654977398075394,Sofinatalya k.,Freedom,
KREENOLA_,824100294820761600,â¤ï¸â€ğŸ”¥,"New Orleans, LA",
BotInventory,1342919737358110720,"InventoryBot (PC parts, Ryzen, RTX, console, toys)","Pittsburgh, PA",
knockoutdp,1303472546814275586,matt â„ï¸,,
Nightwingology,790055478667673600,Nightwingology,23. He/Him. ,
chaconkie,387346119,Jerry Chacon,"Denver, CO",
swiftyIer,1324441273168728064,Ø˜lexy's gf,chastain,
FriendlyFossil,1314706713480626176,Desmostylinâ€™,"Either, OR",
ruggerducky,27880626,RuggerDucky,"Retiree Beach, CA",
McAwsome_n,181858764,âœ¨ ğ’©ğ’¶ğ’¹ğ“ || Scarlett noticed me âœ¨,You never know,
Tkaay___,1010720399875686401,Mommiana ğŸ¥°,"Moreno Valley, CA",
sasybilx,1380452160127737857,Sabila, â§–  || usn: sabilalou,
olidolinho,1336707427564195840,lio,,
StellaSG5,1453436668535623683,Î“ÎºÎ­Ï„ÏƒÎ¹Î¿Ï… Î£Ï„Ï…Î»Î¹Î±Î½Î®,"Massachusetts, MA",
MasterGio,48752517,Giovanni Deldio,"Queens, NY",
saintwalker98,52319005,Spooky Mama Darci,beyond time and space,
_Orionnoir_,4876831574,suffering from PTSDio,,
sIy_cosity,965294111707291651,viscosityğŸ‘ºğŸ¤ğŸ¾,Bionisâ€™ toes,
lordfarqar,1376947901675487237,â¤ï¸â€ğŸ©¹ S H A D O W ğŸ­ W O R K ğŸ«‚,"Nassau, Bahamas ğŸ‡§ğŸ‡¸",
imightbechad,1123571672135684097,Ch+,"Washington, DC",
UnWeyJusto,2473031472,Ethan,,
travieulf,1032653027927158784,ulp's,"Lampung Selatan, Lampung",
hanoiXan,773750426,JohnWhorfin ğŸ‡ºğŸ‡¸,Puny Monkey Planet,
AlmightyCeizeLo,1430942084110950406,ğŸ’›â˜­ CeizeLo The Means of Production â˜­ğŸ’›,PITTSBURGH (THEY/THEM) ,
FlavaSicarius,757837682487627776,ğ”¸lexaâƒ«nâƒ«dâƒ«râƒ«iâƒ«aâƒ«,ğ˜‰ğ˜¶ğ˜µ ğ˜'ğ˜­ğ˜­ ğ˜§ğ˜°ğ˜³ğ˜¨ğ˜¦ğ˜µ ğ˜µğ˜©ğ˜ªğ˜´. ğ˜ ğ˜¢ğ˜­ğ˜¸ğ˜¢ğ˜ºğ˜´ ğ˜¥ğ˜°. ğ˜ ğ˜¢ğ˜­ğ˜¸ğ˜¢ğ˜ºğ˜´ ğ˜§ğ˜°ğ˜³ğ˜¨ğ˜¦ğ˜µ ğ˜®ğ˜º ğ˜¥ğ˜³ğ˜¦ğ˜¢ğ˜®ğ˜´.,
pmrmrkjj,718910635262619649,Jj94ğŸ£(.â—œâ—¡â—),"cb,kh,jhty,minno,dkmk",
TeamSpo58025145,1385750947008155648,Team Sports,,
Blerd_beats,1328115455656157186,Blerd Beats,,
blackmagicblb,1154383580157620224,Black Magic,,
chechetsitsirya,1273851816,samjjang ğŸ¦’ğŸ¦„,,
deviloftheisle,1323414279517777922,carlos âŸ â,julie ğŸ¤,
mizari_xiv,1413056074580578304,MzR Xiv4,japan,
Jade2thaMax,884796902,Jade of All Trades,,
Joe_Schmucc,22903265,B.J. Blascowicz,Yo Mama House ,
Taruskippy,15661630,Rader,Phoenix,
SashiStaysHome,14678067,ğŸ‡µğŸ‡·Princess Butterslut âœ¡ï¸,In the House 92 Bricks Built,
httptrce,4641114733,Kisko B. Sung,neverland,
Sir_Acumen,536930449,Sir Acumen,,
apsciencebydan,1130908884527394816,Dandroid's Aperture Science (Freyja),"Florida, USA",
bucbky,1168847592,deanne.,"              
                 she/her â€¢ 20 â€¢ mdni.
              ã€€â˜† not spoiler-free.           
         ",
YELEN4T,1384399290496430081,hourly yelenat,yelena reading guide âŸ,
PE_Shill,960654385952026624,Shin #WattWarriorsğŸ„, ğŸ—£ğŸ”¥ğŸ”¥ğŸ¥¶,
RyanTheFilmBro,1430591204266323974,Ryan Brown ğŸ’›â¤ï¸ğŸ’™,,
ManInTheMedia,1193356739678277632,Vox,,
secmure,888081380,aJay,xav.,
DanDDoes,33909819,DansDoingItğŸ˜ˆğŸŒŸ,"Mordor West, The Gayborhood",
TheOtherHannah,3227225626,Hannah,She / Her,
iLVSL0KI,1419115970665254919,nat â—¡Ìˆ // -16 my bday ğŸ‚,s!her | Hugo & Clara ê©œ,
dayabaterai61,1465155948016590850,Active Day,Planet Mars,
transmachina,1024910084,ğŸ¥•Leif ğŸ’šğŸŒ±,"kalapuya lands, OR ",
slylottie,1049825248777043969,charlotteâš”ï¸ |ğŸ“– corrupt,elfhame,
maguna_stxrk,1312970990293405697,earl âŸâŠ,(21+ | nsfw),
abidniazi5681,2946197437,â’¶â’·â’¾â’¹ â“€â’½â’¶â“ƒ,Pakistan,
armsoforion,1343549349293277184,Rey #DapatSiLeni,Milky Way Galaxy,
the_true_truth_,245644517,ian,,
SuperGainsBros,2451965563,SuperGainsBros,"Portland, OR",
12AMFiction,3580673417,12 AM Fiction,Xioshaa,
FaithNoMoar,184898859,Faith (Taylor's Version),"New York, NY",
itsanthere,1418414439674560512,ant,Andrew Garfield Fan Club,
helixnebula,1263322589956620288,greg ğŸ’«,EXID â€¢ SHINee â€¢ LOOÎ âˆ† â€¢ NCT,
TheWriterSteph,154268133,Steph The Writer,"Riverside, CA",
wakeupmrrobot,1223400530908721154,ğŸ§‘â€ğŸ”¬,,
dreultraviolet,1263519564094148608,drÃ© â±Ë¢ Ë¡â±áµ›â±â¿áµ â±â¿ Ê·áµ’â¿áµˆáµ‰Ê³Ë¡áµƒâ¿áµˆ,,
TSFbot,1062951679,æˆ¦è¡“æ©Ÿç´¹ä»‹bot,ãƒœãƒ¼ãƒ‹ãƒ³ã‚°æœ¬ç¤¾,
GigasMachina,222388818,JB,"QC, PH",
ironmoom,1395189894490648577,moom,She/they â€¢ 23 â€¢ lesbian,
truthstated,380022959,De-Wiz â˜ğŸ¿,,
madamoistle,1401579776406548487,iin,"Bogor, Jawa Barat",
raccklee,1184944669790265344,rach ğŸŒœ*ğŸŒ›,,
LSTweetBot,1374796586195161091,m1cahLS Tweet Bot,The Junkyard,
ta__mka,1423346810274394114,áµâ¿á¶œáµ€â±áµ‰ á´¹â±áµáµƒ,"Brooklyn, NY",
STR4NGEREALITY,1320430810147786755,nico mullet stan account,They/He (Paris) ,
SnowflakeSpider,1436790523117899777,SnowflakesAndSpiders,"Albany, NY",
grumpyheatfan,1249325728933400576,Jimmâ€™s 5 in 1 (12-7),ğŸ‡µğŸ‡­,
Susieera,1453450197531443200,Susie,,
Sedh22,743544841129201664,ğŸ„,RN,
theironthunder,1399475704790724612,g.,,
kd6_37__,1332774694177615877,goblin,he/him,
TrinhNguyen13,547625719,Trinh Nguyen~Panda~~,"Grand Prairie, Tx",
SteevenOrrElse,1128845174,Steeven Orr Else!,,
redstainedspy,1088574172480065536,` 'ğ‘»ğ’‚ğ’”ğ’‰ğ’‚ã€VAMPIREã€‘,MARVELOUS | Layout:@CHAOSKNOWN,
dykeruri,736097313307787268,Vivy is tiredğŸ§‹,she/they â€¢ asian â€¢ 21,
abcdefjill,716688742879092736,jill,,
Pokezard,31538109,The Canadian CowboyğŸ¤ ,Canada/Montreal,
Vinomonty,603720538,Vino Classico,Jersey,
mopey4by4,843471228602138624,Mr.Brightside,,
ikariscape,1433233758363209728,â€dylan âŠ Ö´ Û« â‹†,any prns   18,
lovelywallart,1416543550016299011,ğŸ”¥,,
NATR0MANOVA,1435145793627770880,natalia romanova lovebot,,
LalwaniMohit3,1103219501255008256,Lalwani Mohit,,
DanDDoes,33909819,DansDoingItğŸ˜ˆğŸŒŸ,"Mordor West, The Gayborhood",
nancyking89,771572699747323904,El nombre no puede estar en blanco ğŸ‘ï¸ğŸ‘„ğŸ‘ï¸,,
vampira_lactea,1258488488179249152,trolarizada,,
ArlethGalarza,240872991,Arleth Galarza,"Guayaquil, Ecuador",
itsBlack_Widow,1333814785599811584,Black Widow ğŸ–¤ğŸ•¸â¤ï¸ğŸ•·,,
DarthDin,1386127654789652483,CassDinPoe ğŸ’›â¤ï¸ğŸ’™,,
SarahLittleCrow,1425894736485748738,SarahLittleCrow,She/Her ,
YELEN4T,1384399290496430081,hourly yelenat,yelena reading guide âŸ,
Peaceful_Rule,3353731247,Critical Grace Theory,,
origbambino,539586779,origbambino,,
Tylxobrien,1251263195437846531,Valenâ§—,Westview,
kaylamariah,23849917,SeeD Mercenary KaylağŸŒ™ ğŸ®FFVII: First Soldier,"Deling City, Galbadia ",
BuckePls,726150707271884802,James Barnes,,
CanadianBxy,862268215736619008,ğ‘°ğ’Œğ’† ğ‘©ğ’“ğ’ğ’‡ğ’ğ’ğ’—ğ’”ğ’Œğ’Š,FC: Finn Wolfhard,
recastbot,1149057186829688832,recast bot,,
lmte_blue,1463573451294363653,gen loves morat,evermore,
WebHeadOf616,1059837940916989952,Peter Parker | Spider-Man,"Queens, NY",
desoffresfr,1333503191883898884,offreproduits,Amazon,
AlexSilvaBer08,1158056063910010880,Alex Silva ğŸ³ï¸â€ğŸŒˆ,,
TeamSpo58025145,1385750947008155648,Team Sports,,
Andy_Ass1,1389727767734931456,Sofia R,Cali - Valle del Cauca,
BaramosGonus,355737695,Baramos,,
999_MATT_,988514790,MattğŸ¦‡â,,
SamkSterlingDeq,1231984828880474113,Sterling,"Boston, MA",
starxgrl,258613951,dora ğŸ•·ï¸,,
LardizabalSosa,1252773766687490054,JALS - Official,,
ryancage,32573340,ryan,,
teddybackup,1395833952934539265,Gaby,He/They ,
chitowndave88,274632531,DC,"Illinois, USA",
TrashPanda9000,2698732027,Kvlt ov Lvna,New Jersey,
ZakKondratenko,345677366,zak ğŸ—£ğŸ¼ğŸ’œğŸ’ª,,
JaySeaver,81267221,Jason Seaver,"Somerville, MA, USA",
CloudyWolfTWT,1431775246017875970,Cloudy Wolf@Season 2: Cloudy's Training Arc?,I'm not telling -w-,
jeremyhachat,16673178,jeremy,"Delaware, OH",
marvelcinemaita,1028701428917972994,Universo Cinematografico Marvel,,
brunoesnaide,809276599,no somo naide ğŸ’ğŸ’,"GulÃ¡ns, Galicia",
sIy_cosity,965294111707291651,viscosityğŸ‘ºğŸ¤ğŸ¾,Bionisâ€™ toes,
Ladydeana_,303804396,ğŸš€ğŸ‘¨ğŸ½â€ğŸš€,,
CameronAM4,1330943830837710849,CameronAM,"Los Angeles, CA",
Santisso_1,1280345416651997184,Santi,ArgCHEntina,
notshebJAMmin,1333640984803028995,free range coochie,,
kotite4ever,27247375,BRoll,"New Jersey, USA",
douctorstrange,1293214664336310279,keven,,
Dementia_real,1454284403048341510,Dementia Industry Incorporated,MÃ©xico,
Timoriontwotter,1341932537006977026,TimoriğŸ’—ğŸ’—ğŸ’œğŸ’™ğŸ’™ hawkeye spoilers,sarah fier will live forever,
1DalM,1052716628,"Dallas, P.E. ğŸ•ï¸ğŸ§¢ğŸ‡ºğŸ‡¸","Dallas, Texas",
NATR0MANOVA,1435145793627770880,natalia romanova lovebot,,
diorsbw,1429781994012090377,yoyo â§— | bit ia, minor â€¢ they/she â€¢ asian ,
germanbeekeeper,1344799114714877952,Tiago,ğŸ‡§ğŸ‡·ğŸ¤ğŸ‡®ğŸ‡¹,
MistaKwabs,1004538666755280896,jon î¨€,waiting for sledge,
rxinberrystyles,755672222,kaitlyn,michigan â€¢ 21,
xannytocin,1919221928,karl ğŸ…´,,
h3artmomo,1426374426250162176,laiken,they/them,
slutforcallahan,1358385520800366592,"maddy â™¡'s mira, rj, & madi!!",she!Â¡her âœ§ minor ,
super_star_96,110348503,ğŸ’”â˜”ï¸HUGGED NIALL 7/25/18 HEARTBREAK WEATHERâ˜”ï¸ğŸ’”,Probably a bookstore ,
painfulgamer1,1299820111038214144,painfulgamer,bi,
fred_vm,348736266,Fred,Pallet Town,
DonGeff,907483675834667008,Geff Boss,United States,
sceokjin,1336828911364108288,asaa,own of heart :,
I_DropKickHoes,76147296,CurlyHeadGangg,"Philadelphia, PA",
MalcHatesYou,3098405011,Phoeniggs Suns,SATX,
WnPyvoA3qSFjPDs,1398407675977736192,ãƒ‘ãƒãƒ¢ãƒ³ãã‚“ãŸ(âˆ kinta),,
DiamondSpiderP,885299264565465088,Logan,The Speedforce,
phangcudi,1453414254288191490,TÊœá´€KÉªá´…á´…PÊœá´€É´É¢Cá´œá´…Éª,,
CarlElmore4,995388389473116161,Carl Elmore,"Atlanta, GA",
RAVEFLAME89,971283404204527616,SotoBoys,Surabaya Indonesia,
the__fast__one,1352350531289800705,Tommy Shepherd â,"Admin: she/her, minor",
HorrendousJonez,1450913516546891776,Michelle,hiding under a bed most likely,
theRoyForSide1,1242560680747659264,Roy4Sideâ„¢,"San Andreas, Los Santos",
Veg_____,1091817530367270912,Veg,Canada,
QuelquDeux,889930214,Alfred Bernard,,
nnocera2580,1152681581879975936,Nick Nocera,"Newtown, PA",
Technicallyowen,165568999,Owen Thompson,Estados Unidos,
DanielF737EBook,1122352738967281664,Robo-Dan,The Internet,
LeumasADesigns,1397550660816605186,Artnell,"New York, NY",
ScrewMillenials,804513361664688129,MigueldahomieğŸ¦ˆ,"San bernardino, Ca",
suckthisdikfuko,725171754134593540,multÃ® ğŸ‘‘,taur/squid (+pronouny)  â€¢ nlgc,
hulklingis_swt,1358142847837491205,Chris,he/they,
Z0YASDIOR,1272042130488414208,nelly. | is missing nicolibby,she Â¡ her â€¢ muslim â€¢ intj,
thewapuche,1147649603614851072,The Mighty Wapuche,,
mssilverstein,38802647,Baal Ska Tov,New York State,
decider,2479845637,Decider,,
ZircCan,1021207975602425856,ZircCan,,
TucoBangz,1116752897587515393,Tuco Bangz,,
itsanthere,1418414439674560512,ant,Andrew Garfield Fan Club,
yeoyeoyeosang,1080839106433871873,joji,,
meryloveCHK,175731291,"â§— á±¬âš¡ï¸ğ”ğ”ğ”¯ğ”¦ğ”,, ğŸ³ï¸â€ğŸŒˆâƒ¤",San Roque (CÃ¡diz),
NATR0MANOVA,1435145793627770880,natalia romanova lovebot,,
wandasleaf,1303550642036776961,kira á—¢ misses wanda.,"she/her, 16",
chuuuonthis,1070485132748955648,365 Iâ€™ll Be There 365 #âƒ,"Idk, Probably Being a Ho. ",
grantpaulsen20,2653709555,Grant Porkwallet,He/Him/His,
missdrinkwine,1214758483603705856,isâš¡ï¸,,
scott_stevo_,615524512,SK Doppo,Liverpool,
YELEN4T,1384399290496430081,hourly yelenat,yelena reading guide âŸ,
WonderfulSone,856918624971390977,Sara â§— Eternals era,She/Her 21 | GG4EVA + MARVEL,
ZenkaiRanger,1194087447375814657,ğ”„ğ”«ğ”±ğ”¥ğ”¬ğ”«ğ”¶ â“‹ ğŸ…,"PSN LEVEL 349 - 4,930 TROPHIES",
JUST_BOUM,1246159230710812672,ãƒãƒœã‚¦ãƒ ,Tâ€™as Vinted ? Viens en dm ğŸ›,
karchuconk,148865558,ğŸ‘‘ Karchu con K ğŸ‘‘,Barracas,
ameliasdfjkl,615609671,*,,
freqnetwork,118301422,FREQ RADIO NETWORK - DOWNLOAD OUR APP,Estados Unidos,
tthinkmcfly,759875148438568960,guille âŠ—,Argentina ,
avengers_ACY,1291519456695459843,AVENGERS COMMUNITY (ACY),,
Vwid0w,1395629067064385537,V ğŸ’®,âœ¨she | her âœ¨bw thighs cultâœ¨,
megsemiles,1036174023825207296,Meghan,Trinidad and Tobago,
inggnabllrxx,1049284147,ğ˜¬ğ˜³ğ˜ªğ˜´ğ˜±ğ˜º ğ˜¦ğ˜¥ğ˜¨ğ˜¦ â€” ğ˜±ğ˜¢ğ˜¯ğ˜¬ğ˜¦ğ˜ªğ˜¬ğ˜¶ â€”ğŸ¥ğŸ¥ğŸ¥ğŸ¥,,
chungrqin,1397563948593991685,chungrqin,,
Samuentaga,751145191,Sam Isbae,Melbourne Australia,
adultshard,884642001114746880,Chris | #ZackSnydersJusticeLeague | #SnyderCut,Singapur,
Dude_Guitarist,1458563792544190471,Ron Rutkowski,,
HawkOfHydra,1349873926025965569,HğŸ”wkeye,,
sexyraymini,719709638,Paul Kemp,"Ventura, California",
sinaspeak,4891998381,yhasá¶œÊ³á¶ ,,
riott_rabbit,1057435113607360512,claire (she/her),@briarssrose,
89Firegod,463159215,Shane Shadrick,Tennessee,
Nero_Nauta,1176262444081143809,"TROSTE, NO ME HABLE ğ–¤ 14/???",She â€¢ Her ,
TheTrulyMad,43676127,Terrence â€œTrulyMadâ€ Cua,London,
TheDripStar,3359055377,Drip Star,America,
WlDOWBlTES,4640955974,julia,,
TwilightsPrince,1364689380326088706,Nova,Pfp by finalgirl.edits,
daamiedwards,2889299145,Daami ğŸ˜ğŸ‘,"Las Vegas, NV",
OhSo_Scandalous,26369922,Icky Vicky with the Blicky,Bizzyland,
swiftataylr,984265859484061697,MadisonğŸ§£,cw - teen wolf ,
tmtzsf,1258673475255820288,zennah.,tired hooman 24/7,
rayoderwaals,224706999,Ray,En tu corazÃ³n,
pwphalian,786298909945532416,J.E. Blanton,"Huntsville, AL",
xialingfvs,1397636195799142406,â´µ hawkeye era,âœ©,
charmingdecker,1462343372811628544,Lean,"she/her Â¦ filo - lucifer , mcu",
MinaDiBari,832680836,Palmina D'Alessandro,"Waterloo, Ontario",
NATR0MANOVA,1435145793627770880,natalia romanova lovebot,,
s2Ioui,1285610766939361280,Ø˜,,
jul3mni1,1460387207492083714,jul3mni â¤ï¸â€ğŸ©¹ i miss bucj,multiverse ğŸ©¸,
palomaquerida11,72964023,Paloma,Asgard,
Emmanuel_THW,761228697013776384,Emmanuel ğŸ¦ŒğŸ„,"MontrÃ©al, QuÃ©bec",
Jantsu78,39325605,Jani Korhonen,"Helsinki, Finland",
junklish,1025558994,jul âš¡, multifandom :),
sophiegzb,1292832499,sophie,ğŸ‡¨ğŸ‡±â€¢ 21 ,
Father_at_18,1133520666278453251,Construction Worker,,
YELEN4T,1384399290496430081,hourly yelenat,yelena reading guide âŸ,
lucid_coder,319131714,Will (ã‚¢ã‚¤ãƒªã‚¹ãƒ»ãƒãƒ¼ãƒ‹ãƒ³ã‚°),Minnesota,
likeyourtoast,1188288777006936064,mieko sophia ğ‚‚,she/her | minor,
Adele33_Young,4174225445,MrsBouquet ğŸ’ğŸ‡¬ğŸ‡§ ğŸŒ,,
nsfwmarvelbot,981315669080846336,marvel bot,,
_john92_,884834111273058304,JB(I/Me),Never Never Land,
scarlettscloud,4172628628,hilli â€â§—ğŸ¹ğŸ’œâœ¨âœ¡ï¸,she/her,
Richard73298383,1016456090475614208,Richard,"Merced, CA",
ixtdemon,1276079900370153472,J,,
scott_stevo_,615524512,SK Doppo,Liverpool,
Stardust2187,819364722034151424,#Makkari Stan Account,Lothal,
KimberCoArts,1346171784962433024,KimberCoArts ğŸ”,Kimberco Corporate Offices,
strawhatmanager,1043884976033484800,Zero â™¥ï¸Taylorâ€™s Versionâ™¥ï¸,â˜¯ï¸ï¸all prounous & neos,
oekfuemano,1368834334304657410,Wanda de cono,,
kmich8lle,783188643439521793,michelle ğŸ¥,Hollywood,
osmarllanas,489886995,Osmar Llanas,"Guadalupe, NL (AKA Monterrey) ",
faeflrtz,1066712515097300992,ğŸ§šğŸ¾,17 | les,
NetCat144,441997193,NetCat #FandomRepublic,inside the internet tubes,
1224Joseph,1668485707,hdghhb,,
Pairsonnalites,138418838,Stigmabase | ORG,Americas | United Kingdom,
etrnlolsen,1392804511,sandro,Portugal ,
yuichisricecake,1240062179245768704,AJ â™¤,she/they black,
AMegaforce,1134430607226916865,Atomfried Fitzgerald Megaforce,Zuhause ,
johnnyd218,1097313904429015040,johnnyd2's NSFW page,,
emilysromanoff,1184251305893781505,gabbyãƒŸâ˜†,she/her â€¢ 15 â€¢ black,
fourleaffIover,1117160788513267712,peach,they/she ! lesbian,
mrmlk,18242272,Mike Lee,"London, UK",
sadiebrnes,1361480906570162177,Ø˜kate,,
gnfvision,1199849858431094784,wilbur,nineteen white any pronouns ,
alcidiyuhstan01,1450723264901300225,Alcidia,she/her,
KiarasBird,1069269375797133313,kiaraâ€™s @,"District of Columbia, USA",
Lada20182020,1459500829199806469,Lada,,
RealJMarrant,2758451699,Jon Marrant,,
BMMB5eaWfyx96cZ,1265297788134322177,ã¤ã£ããƒ¼ âœ¨ï¼ˆ yutaka mikami ï¼‰,,
alicemmurray,1037032006624980992,AliceğŸ…,,
HeroTalk1,1004077569120063488,HeroTalk,"Georgia, USA",
sjohanssongifs,1389325703062110208,scarlett johansson gifs,fan account,
Cars2Enjoyer,1465445730353651714,Adam The Moron,,
